"인카운터 ID","게임 내 이름","상점 종류","속성","분류 태그","판매 대상","등장 가중치","구현 상태","확인 사항"
"Shop_01","스킬상점","스킬","","Encounter.Shop.Skill","근접 공격 1종·신규 VFX 스킬 60종(총 61후보·최대 5개 진열)·HP 전체 회복","","폐기 확정·기존 코드 제거 대기","2026-10-06 스킬상점 폐기. ID·과거 기록 보존. 현재 코드·저장은 미변경이며 기존 Run 전환은 Docs/TODO.md 제안 19에서 결정"
"Shop_02","아이템상점","아이템","","Encounter.Shop.Item","무기·방패·탄환·화살·기타","","기존 구현","기존 ID·상품 구성 유지"
"Shop_03","상점3","스킬","","Encounter.Shop.Skill","근접 공격 1종·신규 VFX 스킬 60종(총 61후보·최대 5개 진열)·HP 전체 회복","","폐기 확정·기존 코드 제거 대기","2026-10-06 스킬상점 폐기. ID·과거 기록 보존. 현재 코드·저장은 미변경이며 기존 Run 전환은 Docs/TODO.md 제안 19에서 결정"
"Shop_Weapon_Physical","물리 무기 상점","무기","물리","Encounter.Shop.Item","물리 속성 무기","","기획·미연동","무기별 속성 배정·복합 속성 판매 기준·상품 수·가격 미정"
"Shop_Weapon_Fire","불 무기 상점","무기","불","Encounter.Shop.Item","불 속성 무기","","기획·미연동","무기별 속성 배정·복합 속성 판매 기준·상품 수·가격 미정"
"Shop_Weapon_Cold","냉기 무기 상점","무기","냉기","Encounter.Shop.Item","냉기 속성 무기","","기획·미연동","무기별 속성 배정·복합 속성 판매 기준·상품 수·가격 미정"
"Shop_Weapon_Lightning","번개 무기 상점","무기","번개","Encounter.Shop.Item","번개 속성 무기","","기획·미연동","무기별 속성 배정·복합 속성 판매 기준·상품 수·가격 미정"
"Shop_Weapon_Chaos","카오스 무기 상점","무기","카오스","Encounter.Shop.Item","카오스 속성 무기","","기획·미연동","무기별 속성 배정·복합 속성 판매 기준·상품 수·가격 미정"
"Shop_Skill_Physical","물리 스킬 상점","스킬","물리","Encounter.Shop.Skill","물리 속성 스킬","","기획 폐기·미연동","2026-10-06 스킬상점 폐기. ID·과거 기록 보존. 신규 구현 후보에서 제외. 무기 부여 스킬 기획으로 대체"
"Shop_Skill_Fire","불 스킬 상점","스킬","불","Encounter.Shop.Skill","불 속성 스킬","","기획 폐기·미연동","2026-10-06 스킬상점 폐기. ID·과거 기록 보존. 신규 구현 후보에서 제외. 무기 부여 스킬 기획으로 대체"
"Shop_Skill_Cold","냉기 스킬 상점","스킬","냉기","Encounter.Shop.Skill","냉기 속성 스킬","","기획 폐기·미연동","2026-10-06 스킬상점 폐기. ID·과거 기록 보존. 신규 구현 후보에서 제외. 무기 부여 스킬 기획으로 대체"
"Shop_Skill_Lightning","번개 스킬 상점","스킬","번개","Encounter.Shop.Skill","번개 속성 스킬","","기획 폐기·미연동","2026-10-06 스킬상점 폐기. ID·과거 기록 보존. 신규 구현 후보에서 제외. 무기 부여 스킬 기획으로 대체"
"Shop_Skill_Chaos","카오스 스킬 상점","스킬","카오스","Encounter.Shop.Skill","카오스 속성 스킬","","기획 폐기·미연동","2026-10-06 스킬상점 폐기. ID·과거 기록 보존. 신규 구현 후보에서 제외. 무기 부여 스킬 기획으로 대체"
"TargetOffer_01","스킬상점","스킬","","Encounter.Shop.Skill","기존 61후보·최대 5개 진열·HP 전체 회복","","폐기 확정·기존 코드 제거 대기","2026-10-06 스킬상점 폐기. ID·과거 기록 보존. 현재 코드·저장은 미변경이며 기존 Run 전환은 Docs/TODO.md 제안 19에서 결정"
"TargetOffer_02","아이템상점","아이템","","Encounter.Shop.Item","기존 무기·방패·탄환·화살·기타","","목표 Run 구현·검수 중","신규 목표 Run 전용. 태그 조건 후보를 고정 순환하여 3개 제시. 확률 가중치는 미적용. 검증 결과는 Docs/TODO.md 참조"
"TargetOffer_03","회복소","회복","","Encounter.Service.Recovery","본인 생존 Human HP 25 회복·1G·만피 거절","","목표 Run 구현·검수 중","신규 목표 Run 전용. 태그 조건 후보를 고정 순환하여 3개 제시. 확률 가중치는 미적용. 검증 결과는 Docs/TODO.md 참조. 개발 시험값"
"TargetOffer_04","소모품상점","소모품","","Encounter.Shop.Consumable","회복 소모품 1개·1G. 전투에서 본인 HP 25 회복·AP 1·실제 발동 시 1개 소모","","목표 Run 구현·검수 중","신규 목표 Run 전용. 태그 조건 후보를 고정 순환하여 3개 제시. 확률 가중치는 미적용. 검증 결과는 Docs/TODO.md 참조. 시작 1개는 새 Run에서만 지급. 개발 시험값"
"TargetOffer_05","부활소","부활","","Encounter.Service.Revival","본인 사망 Human 최대 HP 25% 부활·1G","","목표 Run 구현·검수 중","신규 목표 Run 전용. 태그 조건 후보를 고정 순환하여 3개 제시. 확률 가중치는 미적용. 검증 결과는 Docs/TODO.md 참조. 개발 시험값"
