"묶음","구간 이름","필수 태그","제외 태그","필수 선봉 태그","기준 몬스터 수","HP 배율","속도 배율","골드 최소","골드 최대","아군 HP 성장","아군 속도 성장","승리 휴식 회복량","Snapshot 기준 인원","Snapshot HP","Snapshot 속도","설계 의도"
"1","숲길 입문","Monster.Region.Forest","Monster.Role.Brute","","1","0.8","0.75","3","5","5","1","20","1","60","6","느린 소형 적으로 선택·대상·복귀 학습"
"2","숲의 경계","Monster.Region.Forest","","","1","0.95","0.85","3","6","5","1","20","1","70","7","곰을 포함해 처치에 필요한 타격 수 비교"
"3","늪지 진입","Monster.Region.Swamp","","","2","0.85","1","4","7","5","1","25","1","80","8","두 적 중 집중 공격 대상을 선택"
"4","늪의 포위","Monster.Region.Swamp","","","2","1","1.1","4","8","5","1","25","2","85","8","회복약과 장비의 소비 판단"
"5","동굴 문지기","Monster.Region.Cave","Monster.Role.Boss","Monster.Role.Brute","2","1","1","5","9","5","1","30","2","90","9","튼튼한 선봉과 지원 적을 분리 공략"
"6","동굴 혼전","Monster.Region.Cave","Monster.Role.Boss","","3","1.05","1.05","5","10","5","1","30","2","95","9","빠른 적과 다수전 압박을 조합"
"7","설원 숨고르기","Monster.Region.Snow","","","2","1","1.1","6","11","5","1","35","2","100","10","적 수를 줄여 후반 장비·회복 재정비"
"8","설원 추격","Monster.Region.Snow","","","3","1.1","1.2","6","12","5","1","35","3","105","11","빠른 적의 선제행동과 체력형 적의 조합"
"9","최종 전초전","Monster","Monster.Development|Monster.Role.Boss","","3","1.2","1.25","7","13","5","1","40","3","110","12","전체 지역 혼합 편성으로 대응력 확인"
"10","골렘 최종전","Monster","Monster.Development","Monster.Role.Boss","4","1.3","1.3","8","15","5","1","40","4","120","13","골렘 선봉 보장과 혼합 호위; 마지막 Snapshot까지 자원 관리"
