"몬스터 ID","출현 가중치","전체 후보 기준 확률(%)","활성 여부","비고"
"Orc","12","12","1","새 Run에 고정; 구간 태그로 후보를 제한해 재정규화; 선봉 우선·동종 중복 없음"
"Troll","8","8","1","새 Run에 고정; 구간 태그로 후보를 제한해 재정규화; 선봉 우선·동종 중복 없음"
"Werewolf","5","5","1","새 Run에 고정; 구간 태그로 후보를 제한해 재정규화; 선봉 우선·동종 중복 없음"
"Golem","2","2","1","새 Run에 고정; 구간 태그로 후보를 제한해 재정규화; 선봉 우선·동종 중복 없음"
"Wolf","15","15","1","새 Run에 고정; 구간 태그로 후보를 제한해 재정규화; 선봉 우선·동종 중복 없음"
"Bear","10","10","1","새 Run에 고정; 구간 태그로 후보를 제한해 재정규화; 선봉 우선·동종 중복 없음"
"Boar","12","12","1","새 Run에 고정; 구간 태그로 후보를 제한해 재정규화; 선봉 우선·동종 중복 없음"
"Spider","12","12","1","새 Run에 고정; 구간 태그로 후보를 제한해 재정규화; 선봉 우선·동종 중복 없음"
"Crocodile","8","8","1","새 Run에 고정; 구간 태그로 후보를 제한해 재정규화; 선봉 우선·동종 중복 없음"
"Toad","8","8","1","새 Run에 고정; 구간 태그로 후보를 제한해 재정규화; 선봉 우선·동종 중복 없음"
"SnowWolf","5","5","1","새 Run에 고정; 구간 태그로 후보를 제한해 재정규화; 선봉 우선·동종 중복 없음"
"SnowBear","3","3","1","새 Run에 고정; 구간 태그로 후보를 제한해 재정규화; 선봉 우선·동종 중복 없음"
"BP_EnemyUnit","0","0","0","새 Run에 고정; 구간 태그로 후보를 제한해 재정규화; 선봉 우선·동종 중복 없음"
