"몬스터 ID","몬스터 이름","Blueprint 클래스 경로","분류 태그","최대 HP","AP","SAP","속도","이동거리(타일)","스킬 경로","공격 피해(참고)","공격 선딜(초·참고)","비고"
"Orc","오크 망치병","/Game/User_JeHoon/Fantasy_Pack/Characters/Orc_Hummer/Blueprints/BP_Monster_Orc.BP_Monster_Orc_C","Monster.Region.Cave|Monster.Role.Common","110","2","1","6","1","/Game/User_JeHoon/Blueprint/DataAsset/Skills/Monsters/DA_Monster_Orc.DA_Monster_Orc","50","0.5","새 기본 Run v1 입력; 피해·선딜은 기존 스킬 참고값이며 이 CSV로 변경하지 않음"
"Troll","동굴 트롤","/Game/User_JeHoon/Fantasy_Pack/Characters/Troll/Blueprints/BP_Monster_Troll.BP_Monster_Troll_C","Monster.Region.Cave|Monster.Role.Brute","175","2","1","4","1","/Game/User_JeHoon/Blueprint/DataAsset/Skills/Monsters/DA_Monster_Troll.DA_Monster_Troll","50","0.9","새 기본 Run v1 입력; 피해·선딜은 기존 스킬 참고값이며 이 CSV로 변경하지 않음"
"Werewolf","늑대인간","/Game/User_JeHoon/Fantasy_Pack/Characters/Werewolf/Blueprints/BP_Monster_Werewolf.BP_Monster_Werewolf_C","Monster.Region.Cave|Monster.Region.Snow|Monster.Role.Skirmisher","120","2","1","12","1","/Game/User_JeHoon/Blueprint/DataAsset/Skills/Monsters/DA_Monster_Werewolf.DA_Monster_Werewolf","50","0.3","새 기본 Run v1 입력; 피해·선딜은 기존 스킬 참고값이며 이 CSV로 변경하지 않음"
"Golem","바위 골렘","/Game/User_JeHoon/Fantasy_Pack/Characters/Golem/Blueprints/BP_Monster_Golem.BP_Monster_Golem_C","Monster.Region.Cave|Monster.Role.Boss","220","2","1","3","1","/Game/User_JeHoon/Blueprint/DataAsset/Skills/Monsters/DA_Monster_Golem.DA_Monster_Golem","50","0.3","새 기본 Run v1 입력; 피해·선딜은 기존 스킬 참고값이며 이 CSV로 변경하지 않음"
"Wolf","숲 늑대","/Game/User_JeHoon/StylizedCreaturesBundle/Blueprints/Wolf/BP_Monster_Wolf.BP_Monster_Wolf_C","Monster.Region.Forest|Monster.Role.Common","80","2","1","8","1","/Game/User_JeHoon/Blueprint/DataAsset/Skills/Monsters/DA_Monster_Wolf.DA_Monster_Wolf","50","0.4","새 기본 Run v1 입력; 피해·선딜은 기존 스킬 참고값이며 이 CSV로 변경하지 않음"
"Bear","숲 곰","/Game/User_JeHoon/StylizedCreaturesBundle/Blueprints/Bear/BP_Monster_Bear.BP_Monster_Bear_C","Monster.Region.Forest|Monster.Role.Brute","155","2","1","5","1","/Game/User_JeHoon/Blueprint/DataAsset/Skills/Monsters/DA_Monster_Bear.DA_Monster_Bear","50","0.47","새 기본 Run v1 입력; 피해·선딜은 기존 스킬 참고값이며 이 CSV로 변경하지 않음"
"Boar","멧돼지","/Game/User_JeHoon/StylizedCreaturesBundle/Blueprints/Boar/BP_Monster_Boar.BP_Monster_Boar_C","Monster.Region.Forest|Monster.Role.Common","100","2","1","7","1","/Game/User_JeHoon/Blueprint/DataAsset/Skills/Monsters/DA_Monster_Boar.DA_Monster_Boar","50","0.53","새 기본 Run v1 입력; 피해·선딜은 기존 스킬 참고값이며 이 CSV로 변경하지 않음"
"Spider","동굴 거미","/Game/User_JeHoon/StylizedCreaturesBundle/Blueprints/Spider/BP_Monster_Spider.BP_Monster_Spider_C","Monster.Region.Forest|Monster.Region.Cave|Monster.Role.Skirmisher","65","2","1","11","1","/Game/User_JeHoon/Blueprint/DataAsset/Skills/Monsters/DA_Monster_Spider.DA_Monster_Spider","50","0.33","새 기본 Run v1 입력; 피해·선딜은 기존 스킬 참고값이며 이 CSV로 변경하지 않음"
"Crocodile","늪 악어","/Game/User_JeHoon/StylizedCreaturesBundle/Blueprints/Crocodile/BP_Monster_Crocodile.BP_Monster_Crocodile_C","Monster.Region.Swamp|Monster.Role.Brute","135","2","1","6","1","/Game/User_JeHoon/Blueprint/DataAsset/Skills/Monsters/DA_Monster_Crocodile.DA_Monster_Crocodile","50","0.43","새 기본 Run v1 입력; 피해·선딜은 기존 스킬 참고값이며 이 CSV로 변경하지 않음"
"Toad","늪 두꺼비","/Game/User_JeHoon/StylizedCreaturesBundle/Blueprints/Toad/BP_Monster_Toad.BP_Monster_Toad_C","Monster.Region.Swamp|Monster.Role.Common","90","2","1","5","1","/Game/User_JeHoon/Blueprint/DataAsset/Skills/Monsters/DA_Monster_Toad.DA_Monster_Toad","50","0.4","새 기본 Run v1 입력; 피해·선딜은 기존 스킬 참고값이며 이 CSV로 변경하지 않음"
"SnowWolf","설원 늑대","/Game/User_JeHoon/StylizedCreaturesBundle/Blueprints/Wolf/BP_Monster_SnowWolf.BP_Monster_SnowWolf_C","Monster.Region.Snow|Monster.Role.Skirmisher","100","2","1","11","1","/Game/User_JeHoon/Blueprint/DataAsset/Skills/Monsters/DA_Monster_SnowWolf.DA_Monster_SnowWolf","50","0.4","새 기본 Run v1 입력; 피해·선딜은 기존 스킬 참고값이며 이 CSV로 변경하지 않음"
"SnowBear","설원 곰","/Game/User_JeHoon/StylizedCreaturesBundle/Blueprints/Bear/BP_Monster_SnowBear.BP_Monster_SnowBear_C","Monster.Region.Snow|Monster.Role.Brute","175","2","1","5","1","/Game/User_JeHoon/Blueprint/DataAsset/Skills/Monsters/DA_Monster_SnowBear.DA_Monster_SnowBear","50","0.47","새 기본 Run v1 입력; 피해·선딜은 기존 스킬 참고값이며 이 CSV로 변경하지 않음"
"BP_EnemyUnit","스켈레톤 검병","/Game/User_JeHoon/Blueprint/Unit/BP_EnemyUnit.BP_EnemyUnit_C","Monster.Development","150","2","1","5","1","/Game/User_JeHoon/Blueprint/DataAsset/Skills/BPDA_swoard_attack.BPDA_swoard_attack","50","0.23","개발용 제외 후보; 기존 Blueprint 기본값 유지"
