"몬스터 ID","몬스터 이름","구분","기본 편성 순서","원본 팩","Blueprint 경로","원본 메시 경로","교체 재질 경로","비고"
"Orc","오크 망치병","기본형","1","Fantasy Characters (Pack)","/Game/User_JeHoon/Fantasy_Pack/Characters/Orc_Hummer/Blueprints/BP_Monster_Orc","/Game/Fantasy_Pack/Characters/Orc_Hummer/Mesh/SK_Orc_Hummer","",""
"Troll","동굴 트롤","기본형","2","Fantasy Characters (Pack)","/Game/User_JeHoon/Fantasy_Pack/Characters/Troll/Blueprints/BP_Monster_Troll","/Game/Fantasy_Pack/Characters/Troll/Mesh/SK_Troll","",""
"Werewolf","늑대인간","기본형","","Fantasy Characters (Pack)","/Game/User_JeHoon/Fantasy_Pack/Characters/Werewolf/Blueprints/BP_Monster_Werewolf","/Game/Fantasy_Pack/Characters/Werewolf/Mesh/SK_Werewolf_Full_02","",""
"Golem","바위 골렘","기본형","4","Fantasy Characters (Pack)","/Game/User_JeHoon/Fantasy_Pack/Characters/Golem/Blueprints/BP_Monster_Golem","/Game/Fantasy_Pack/Characters/Golem/Mesh/SK_Golem","",""
"Wolf","숲 늑대","기본형","3","Stylized Fantasy Creatures Bundle","/Game/User_JeHoon/StylizedCreaturesBundle/Blueprints/Wolf/BP_Monster_Wolf","/Game/StylizedCreaturesBundle/Meshes/Wolf/SK_Wolf","/Game/StylizedCreaturesBundle/Materials/Instances/Wolf/MI_Wolf_Gr",""
"Bear","숲 곰","기본형","","Stylized Fantasy Creatures Bundle","/Game/User_JeHoon/StylizedCreaturesBundle/Blueprints/Bear/BP_Monster_Bear","/Game/StylizedCreaturesBundle/Meshes/Bear/SK_Bear","/Game/StylizedCreaturesBundle/Materials/Instances/Bear/MI_Bear_Br",""
"Boar","멧돼지","기본형","","Stylized Fantasy Creatures Bundle","/Game/User_JeHoon/StylizedCreaturesBundle/Blueprints/Boar/BP_Monster_Boar","/Game/StylizedCreaturesBundle/Meshes/Boar/SK_Boar","/Game/StylizedCreaturesBundle/Materials/Instances/Boar/MI_Boar_Br",""
"Spider","동굴 거미","기본형","","Stylized Fantasy Creatures Bundle","/Game/User_JeHoon/StylizedCreaturesBundle/Blueprints/Spider/BP_Monster_Spider","/Game/StylizedCreaturesBundle/Meshes/Spider/SK_Spider","/Game/StylizedCreaturesBundle/Materials/Instances/Spider/MI_Spider_Br",""
"Crocodile","늪 악어","기본형","","Stylized Fantasy Creatures Bundle","/Game/User_JeHoon/StylizedCreaturesBundle/Blueprints/Crocodile/BP_Monster_Crocodile","/Game/StylizedCreaturesBundle/Meshes/Crocodile/SK_Crocodile","/Game/StylizedCreaturesBundle/Materials/Instances/Crocodile/MI_Crocodile_Gn",""
"Toad","늪 두꺼비","기본형","","Stylized Fantasy Creatures Bundle","/Game/User_JeHoon/StylizedCreaturesBundle/Blueprints/Toad/BP_Monster_Toad","/Game/StylizedCreaturesBundle/Meshes/Toad/SK_Toad","/Game/StylizedCreaturesBundle/Materials/Instances/Toad/MI_Toad_Gn",""
"SnowWolf","설원 늑대","재질 변형","","Stylized Fantasy Creatures Bundle","/Game/User_JeHoon/StylizedCreaturesBundle/Blueprints/Wolf/BP_Monster_SnowWolf","/Game/StylizedCreaturesBundle/Meshes/Wolf/SK_Wolf","/Game/StylizedCreaturesBundle/Materials/Instances/Wolf/MI_Wolf_Wh","숲 늑대의 흰색 재질 변형; 애니메이션 공유"
"SnowBear","설원 곰","재질 변형","","Stylized Fantasy Creatures Bundle","/Game/User_JeHoon/StylizedCreaturesBundle/Blueprints/Bear/BP_Monster_SnowBear","/Game/StylizedCreaturesBundle/Meshes/Bear/SK_Bear","/Game/StylizedCreaturesBundle/Materials/Instances/Bear/MI_Bear_Wh","숲 곰의 흰색 재질 변형; 애니메이션 공유"
"BP_EnemyUnit","스켈레톤 검병","기존 테스트 적","","Skeleton_Guard","/Game/User_JeHoon/Blueprint/Unit/BP_EnemyUnit","/Game/Skeleton_Guard/Mesh_UE4/Full/SKM_Skeleton_Guard_Body","","이름은 목록용 설명명; 기존 근접 공격 사용"
