"묶음","난이도 태그","기준 몬스터 HP","설계 의도"
"1","Encounter.Combat.PvE.Difficulty.Low","50","첫 적; 기본 공격과 준비 완료 학습"
"1","Encounter.Combat.PvE.Difficulty.Medium","100","첫 적; 두 번의 기본 피격을 기준으로 시작"
"1","Encounter.Combat.PvE.Difficulty.High","150","첫 적; 집중 공격과 행동 순서 학습"
"2","Encounter.Combat.PvE.Difficulty.Low","75","단일 적의 체력형과 속도형 비교"
"2","Encounter.Combat.PvE.Difficulty.Medium","140","단일 적의 체력형과 속도형 비교"
"2","Encounter.Combat.PvE.Difficulty.High","220","첫 장비 선택의 영향 확인"
"3","Encounter.Combat.PvE.Difficulty.Low","110","다수전 도입; 집중 공격 학습"
"3","Encounter.Combat.PvE.Difficulty.Medium","200","다수전 도입; 집중 공격 학습"
"3","Encounter.Combat.PvE.Difficulty.High","330","다수전 도입; 타깃 우선순위 강화"
"4","Encounter.Combat.PvE.Difficulty.Low","160","회복과 장비 정비 판단"
"4","Encounter.Combat.PvE.Difficulty.Medium","280","회복과 장비 정비 판단"
"4","Encounter.Combat.PvE.Difficulty.High","480","회복과 공격 계획의 균형"
"5","Encounter.Combat.PvE.Difficulty.Low","240","동굴 문지기; 트롤 선봉 기준"
"5","Encounter.Combat.PvE.Difficulty.Medium","400","동굴 문지기; 트롤 선봉 기준"
"5","Encounter.Combat.PvE.Difficulty.High","720","중반 장비와 스킬 조합 점검"
"6","Encounter.Combat.PvE.Difficulty.Low","340","동굴 혼전; 적 수 증가와 개체별 역할 구분"
"6","Encounter.Combat.PvE.Difficulty.Medium","560","동굴 혼전; 적 수 증가와 개체별 역할 구분"
"6","Encounter.Combat.PvE.Difficulty.High","1020","광역 공격과 집중 공격의 효율 판단"
"7","Encounter.Combat.PvE.Difficulty.Low","460","설원 재정비; 기준 적 수를 3에서 2로 감소"
"7","Encounter.Combat.PvE.Difficulty.Medium","750","설원 재정비; 기준 적 수를 3에서 2로 감소"
"7","Encounter.Combat.PvE.Difficulty.High","1380","적 수 감소 구간에서 후반 장비 정비"
"8","Encounter.Combat.PvE.Difficulty.Low","620","설원 추격; 빠른 적과 체력형 적 대응"
"8","Encounter.Combat.PvE.Difficulty.Medium","980","설원 추격; 빠른 적과 체력형 적 대응"
"8","Encounter.Combat.PvE.Difficulty.High","1860","후반 다수전; 처치 순서와 생존 자원 관리"
"9","Encounter.Combat.PvE.Difficulty.Low","800","최종 전초전; 혼합 편성 대응"
"9","Encounter.Combat.PvE.Difficulty.Medium","1230","최종 전초전; 혼합 편성 대응"
"9","Encounter.Combat.PvE.Difficulty.High","2400","최종 보스 진입 전 공격력과 회복량 점검"
"10","Encounter.Combat.PvE.Difficulty.Low","1000","최종 골렘 기준; 호위는 기존 체력 비율 유지"
"10","Encounter.Combat.PvE.Difficulty.Medium","1500","최종 골렘 기준; 호위는 기존 체력 비율 유지"
"10","Encounter.Combat.PvE.Difficulty.High","3000","최종 골렘 기준; 장기전과 호위 우선 처치"
