"스킬 ID","스킬 이름","스킬 경로","등급","등급 태그","기본 가중치","위력","AP","SAP","선딜(초)","비고"
"SkillDefinitionDataAsset:DA_DrGame_AoeVFX_AOE_BlazeBlast","화염 폭풍","/Game/User_JeHoon/Blueprint/DataAsset/Skills/DrGame/__AoeVFX/DA_DrGame_AoeVFX_AOE_BlazeBlast.DA_DrGame_AoeVFX_AOE_BlazeBlast","보라색","Selection.WeaponSkill.Rarity.Purple","1","36","1","0","0.3","범위 내 대상당 위력; 기존 범위·판정 유지"
"SkillDefinitionDataAsset:DA_DrGame_AoeVFX_AOE_Blizzard","눈보라 영역","/Game/User_JeHoon/Blueprint/DataAsset/Skills/DrGame/__AoeVFX/DA_DrGame_AoeVFX_AOE_Blizzard.DA_DrGame_AoeVFX_AOE_Blizzard","보라색","Selection.WeaponSkill.Rarity.Purple","1","36","1","0","0.3","범위 내 대상당 위력; 기존 범위·판정 유지"
"SkillDefinitionDataAsset:DA_DrGame_AoeVFX_AOE_CrystalFlower","수정 꽃","/Game/User_JeHoon/Blueprint/DataAsset/Skills/DrGame/__AoeVFX/DA_DrGame_AoeVFX_AOE_CrystalFlower.DA_DrGame_AoeVFX_AOE_CrystalFlower","파란색","Selection.WeaponSkill.Rarity.Blue","1","30","1","0","0.3","범위 내 대상당 위력; 기존 범위·판정 유지"
"SkillDefinitionDataAsset:DA_DrGame_AoeVFX_AOE_FireArrow","화염 화살비","/Game/User_JeHoon/Blueprint/DataAsset/Skills/DrGame/__AoeVFX/DA_DrGame_AoeVFX_AOE_FireArrow.DA_DrGame_AoeVFX_AOE_FireArrow","파란색","Selection.WeaponSkill.Rarity.Blue","1","30","1","0","0.3","범위 내 대상당 위력; 기존 범위·판정 유지"
"SkillDefinitionDataAsset:DA_DrGame_AoeVFX_AOE_Guardian","수호자의 결계","/Game/User_JeHoon/Blueprint/DataAsset/Skills/DrGame/__AoeVFX/DA_DrGame_AoeVFX_AOE_Guardian.DA_DrGame_AoeVFX_AOE_Guardian","흰색","Selection.WeaponSkill.Rarity.White","1","25","1","0","0.3","방패 전용(Skill.Effect.Shield → Item.Weapon.Shield); 대상당 보호막 수치; 기존 대상 조건 유지"
"SkillDefinitionDataAsset:DA_DrGame_AoeVFX_AOE_Hail","우박 폭격","/Game/User_JeHoon/Blueprint/DataAsset/Skills/DrGame/__AoeVFX/DA_DrGame_AoeVFX_AOE_Hail.DA_DrGame_AoeVFX_AOE_Hail","파란색","Selection.WeaponSkill.Rarity.Blue","1","30","1","0","0.3","범위 내 대상당 위력; 기존 범위·판정 유지"
"SkillDefinitionDataAsset:DA_DrGame_AoeVFX_AOE_IceSpiral","얼음 나선","/Game/User_JeHoon/Blueprint/DataAsset/Skills/DrGame/__AoeVFX/DA_DrGame_AoeVFX_AOE_IceSpiral.DA_DrGame_AoeVFX_AOE_IceSpiral","파란색","Selection.WeaponSkill.Rarity.Blue","1","30","1","0","0.3","범위 내 대상당 위력; 기존 범위·판정 유지"
"SkillDefinitionDataAsset:DA_DrGame_AoeVFX_AOE_LavaLotus","용암 연꽃","/Game/User_JeHoon/Blueprint/DataAsset/Skills/DrGame/__AoeVFX/DA_DrGame_AoeVFX_AOE_LavaLotus.DA_DrGame_AoeVFX_AOE_LavaLotus","주황색","Selection.WeaponSkill.Rarity.Orange","1","42","1","0","0.3","범위 내 대상당 위력; 기존 범위·판정 유지"
"SkillDefinitionDataAsset:DA_DrGame_AoeVFX_AOE_LightningHoop","번개 고리","/Game/User_JeHoon/Blueprint/DataAsset/Skills/DrGame/__AoeVFX/DA_DrGame_AoeVFX_AOE_LightningHoop.DA_DrGame_AoeVFX_AOE_LightningHoop","보라색","Selection.WeaponSkill.Rarity.Purple","1","36","1","0","0.3","범위 내 대상당 위력; 기존 범위·판정 유지"
"SkillDefinitionDataAsset:DA_DrGame_AoeVFX_AOE_Meteoroid_lite","낙하 운석","/Game/User_JeHoon/Blueprint/DataAsset/Skills/DrGame/__AoeVFX/DA_DrGame_AoeVFX_AOE_Meteoroid_lite.DA_DrGame_AoeVFX_AOE_Meteoroid_lite","주황색","Selection.WeaponSkill.Rarity.Orange","1","42","1","0","0.3","범위 내 대상당 위력; 기존 범위·판정 유지"
"SkillDefinitionDataAsset:DA_DrGame_AoeVFX_AOE_PoisonCarousel","독의 회전목마","/Game/User_JeHoon/Blueprint/DataAsset/Skills/DrGame/__AoeVFX/DA_DrGame_AoeVFX_AOE_PoisonCarousel.DA_DrGame_AoeVFX_AOE_PoisonCarousel","보라색","Selection.WeaponSkill.Rarity.Purple","1","36","1","0","0.3","범위 내 대상당 위력; 기존 범위·판정 유지"
"SkillDefinitionDataAsset:DA_DrGame_AoeVFX_AOE_TimeSpell","시간의 회복진","/Game/User_JeHoon/Blueprint/DataAsset/Skills/DrGame/__AoeVFX/DA_DrGame_AoeVFX_AOE_TimeSpell.DA_DrGame_AoeVFX_AOE_TimeSpell","주황색","Selection.WeaponSkill.Rarity.Orange","1","50","1","0","0.3","대상당 HP 회복량; 기존 대상 조건 유지"
"SkillDefinitionDataAsset:DA_DrGame_GroundAttackVFX_AberrateObelisk","수정 첨탑","/Game/User_JeHoon/Blueprint/DataAsset/Skills/DrGame/__GroundAttackVFX/DA_DrGame_GroundAttackVFX_AberrateObelisk.DA_DrGame_GroundAttackVFX_AberrateObelisk","보라색","Selection.WeaponSkill.Rarity.Purple","1","40","1","0","0.3","직선 내 대상당 위력; 기존 범위·판정 유지"
"SkillDefinitionDataAsset:DA_DrGame_GroundAttackVFX_BrambleTusk","가시 엄니","/Game/User_JeHoon/Blueprint/DataAsset/Skills/DrGame/__GroundAttackVFX/DA_DrGame_GroundAttackVFX_BrambleTusk.DA_DrGame_GroundAttackVFX_BrambleTusk","보라색","Selection.WeaponSkill.Rarity.Purple","1","40","1","0","0.3","직선 내 대상당 위력; 기존 범위·판정 유지"
"SkillDefinitionDataAsset:DA_DrGame_GroundAttackVFX_DashMagma","용암 쇄도","/Game/User_JeHoon/Blueprint/DataAsset/Skills/DrGame/__GroundAttackVFX/DA_DrGame_GroundAttackVFX_DashMagma.DA_DrGame_GroundAttackVFX_DashMagma","보라색","Selection.WeaponSkill.Rarity.Purple","1","40","1","0","0.3","직선 내 대상당 위력; 기존 범위·판정 유지"
"SkillDefinitionDataAsset:DA_DrGame_GroundAttackVFX_FeudFang","핏빛 엄니","/Game/User_JeHoon/Blueprint/DataAsset/Skills/DrGame/__GroundAttackVFX/DA_DrGame_GroundAttackVFX_FeudFang.DA_DrGame_GroundAttackVFX_FeudFang","초록색","Selection.WeaponSkill.Rarity.Green","1","28","1","0","0.3","직선 내 대상당 위력; 기존 범위·판정 유지"
"SkillDefinitionDataAsset:DA_DrGame_GroundAttackVFX_FreezeCrystal_Ice","서리 결정","/Game/User_JeHoon/Blueprint/DataAsset/Skills/DrGame/__GroundAttackVFX/DA_DrGame_GroundAttackVFX_FreezeCrystal_Ice.DA_DrGame_GroundAttackVFX_FreezeCrystal_Ice","파란색","Selection.WeaponSkill.Rarity.Blue","1","30","1","0","0.3","범위 내 대상당 위력; 기존 범위·판정 유지"
"SkillDefinitionDataAsset:DA_DrGame_GroundAttackVFX_HuntingSharkFin","심해 지느러미","/Game/User_JeHoon/Blueprint/DataAsset/Skills/DrGame/__GroundAttackVFX/DA_DrGame_GroundAttackVFX_HuntingSharkFin.DA_DrGame_GroundAttackVFX_HuntingSharkFin","파란색","Selection.WeaponSkill.Rarity.Blue","1","34","1","0","0.3","직선 내 대상당 위력; 기존 범위·판정 유지"
"SkillDefinitionDataAsset:DA_DrGame_GroundAttackVFX_IceSpell","얼음 문양","/Game/User_JeHoon/Blueprint/DataAsset/Skills/DrGame/__GroundAttackVFX/DA_DrGame_GroundAttackVFX_IceSpell.DA_DrGame_GroundAttackVFX_IceSpell","초록색","Selection.WeaponSkill.Rarity.Green","1","24","1","0","0.3","범위 내 대상당 위력; 기존 범위·판정 유지"
"SkillDefinitionDataAsset:DA_DrGame_GroundAttackVFX_IceSpike","얼음 가시","/Game/User_JeHoon/Blueprint/DataAsset/Skills/DrGame/__GroundAttackVFX/DA_DrGame_GroundAttackVFX_IceSpike.DA_DrGame_GroundAttackVFX_IceSpike","파란색","Selection.WeaponSkill.Rarity.Blue","1","34","1","0","0.3","직선 내 대상당 위력; 기존 범위·판정 유지"
"SkillDefinitionDataAsset:DA_DrGame_GroundAttackVFX_IceSprout","얼음 싹","/Game/User_JeHoon/Blueprint/DataAsset/Skills/DrGame/__GroundAttackVFX/DA_DrGame_GroundAttackVFX_IceSprout.DA_DrGame_GroundAttackVFX_IceSprout","초록색","Selection.WeaponSkill.Rarity.Green","1","24","1","0","0.3","범위 내 대상당 위력; 기존 범위·판정 유지"
"SkillDefinitionDataAsset:DA_DrGame_GroundAttackVFX_LavaBurst","용암 분출","/Game/User_JeHoon/Blueprint/DataAsset/Skills/DrGame/__GroundAttackVFX/DA_DrGame_GroundAttackVFX_LavaBurst.DA_DrGame_GroundAttackVFX_LavaBurst","주황색","Selection.WeaponSkill.Rarity.Orange","1","42","1","0","0.3","범위 내 대상당 위력; 기존 범위·판정 유지"
"SkillDefinitionDataAsset:DA_DrGame_GroundAttackVFX_Lazurite","청금석 쇄도","/Game/User_JeHoon/Blueprint/DataAsset/Skills/DrGame/__GroundAttackVFX/DA_DrGame_GroundAttackVFX_Lazurite.DA_DrGame_GroundAttackVFX_Lazurite","파란색","Selection.WeaponSkill.Rarity.Blue","1","34","1","0","0.3","직선 내 대상당 위력; 기존 범위·판정 유지"
"SkillDefinitionDataAsset:DA_DrGame_GroundAttackVFX_Line_Lava","용암 파도","/Game/User_JeHoon/Blueprint/DataAsset/Skills/DrGame/__GroundAttackVFX/DA_DrGame_GroundAttackVFX_Line_Lava.DA_DrGame_GroundAttackVFX_Line_Lava","주황색","Selection.WeaponSkill.Rarity.Orange","1","46","1","0","0.3","직선 내 대상당 위력; 기존 범위·판정 유지"
"SkillDefinitionDataAsset:DA_DrGame_GroundAttackVFX_PoisonCannibalPlant","식인 독초","/Game/User_JeHoon/Blueprint/DataAsset/Skills/DrGame/__GroundAttackVFX/DA_DrGame_GroundAttackVFX_PoisonCannibalPlant.DA_DrGame_GroundAttackVFX_PoisonCannibalPlant","파란색","Selection.WeaponSkill.Rarity.Blue","1","30","1","0","0.3","범위 내 대상당 위력; 기존 범위·판정 유지"
"SkillDefinitionDataAsset:DA_DrGame_GroundAttackVFX_StoneRush","바위 쇄도","/Game/User_JeHoon/Blueprint/DataAsset/Skills/DrGame/__GroundAttackVFX/DA_DrGame_GroundAttackVFX_StoneRush.DA_DrGame_GroundAttackVFX_StoneRush","초록색","Selection.WeaponSkill.Rarity.Green","1","28","1","0","0.3","직선 내 대상당 위력; 기존 범위·판정 유지"
"SkillDefinitionDataAsset:DA_DrGame_LinkChainVFX_Link_Bramble","가시 연결","/Game/User_JeHoon/Blueprint/DataAsset/Skills/DrGame/___LinkChainVFX/DA_DrGame_LinkChainVFX_Link_Bramble.DA_DrGame_LinkChainVFX_Link_Bramble","보라색","Selection.WeaponSkill.Rarity.Purple","1","25","1","0","0.3","첫 대상 위력; 기존 최대 4대상·연쇄 감쇠 유지"
"SkillDefinitionDataAsset:DA_DrGame_LinkChainVFX_Link_Electric","번개 연결","/Game/User_JeHoon/Blueprint/DataAsset/Skills/DrGame/___LinkChainVFX/DA_DrGame_LinkChainVFX_Link_Electric.DA_DrGame_LinkChainVFX_Link_Electric","주황색","Selection.WeaponSkill.Rarity.Orange","1","30","1","0","0.3","첫 대상 위력; 기존 최대 4대상·연쇄 감쇠 유지"
"SkillDefinitionDataAsset:DA_DrGame_LinkChainVFX_Link_Energy","에너지 연결","/Game/User_JeHoon/Blueprint/DataAsset/Skills/DrGame/___LinkChainVFX/DA_DrGame_LinkChainVFX_Link_Energy.DA_DrGame_LinkChainVFX_Link_Energy","보라색","Selection.WeaponSkill.Rarity.Purple","1","25","1","0","0.3","첫 대상 위력; 기존 최대 4대상·연쇄 감쇠 유지"
"SkillDefinitionDataAsset:DA_DrGame_LinkChainVFX_Link_Fire","화염 연결","/Game/User_JeHoon/Blueprint/DataAsset/Skills/DrGame/___LinkChainVFX/DA_DrGame_LinkChainVFX_Link_Fire.DA_DrGame_LinkChainVFX_Link_Fire","보라색","Selection.WeaponSkill.Rarity.Purple","1","25","1","0","0.3","첫 대상 위력; 기존 최대 4대상·연쇄 감쇠 유지"
"SkillDefinitionDataAsset:DA_DrGame_LinkChainVFX_Link_Magic","마력 연결","/Game/User_JeHoon/Blueprint/DataAsset/Skills/DrGame/___LinkChainVFX/DA_DrGame_LinkChainVFX_Link_Magic.DA_DrGame_LinkChainVFX_Link_Magic","주황색","Selection.WeaponSkill.Rarity.Orange","1","30","1","0","0.3","첫 대상 위력; 기존 최대 4대상·연쇄 감쇠 유지"
"SkillDefinitionDataAsset:DA_DrGame_LevelUpSpawn_LevelUp_Ascend_Root","상승의 치유","/Game/User_JeHoon/Blueprint/DataAsset/Skills/DrGame/_LevelUpSpawn/DA_DrGame_LevelUpSpawn_LevelUp_Ascend_Root.DA_DrGame_LevelUpSpawn_LevelUp_Ascend_Root","초록색","Selection.WeaponSkill.Rarity.Green","1","28","1","0","0.3","대상당 HP 회복량; 기존 대상 조건 유지"
"SkillDefinitionDataAsset:DA_DrGame_LevelUpSpawn_LevelUp_Burst_Pivot","생명의 섬광","/Game/User_JeHoon/Blueprint/DataAsset/Skills/DrGame/_LevelUpSpawn/DA_DrGame_LevelUpSpawn_LevelUp_Burst_Pivot.DA_DrGame_LevelUpSpawn_LevelUp_Burst_Pivot","보라색","Selection.WeaponSkill.Rarity.Purple","1","42","1","0","0.3","대상당 HP 회복량; 기존 대상 조건 유지"
"SkillDefinitionDataAsset:DA_DrGame_LevelUpSpawn_LevelUp_Descend_Root","내림의 치유","/Game/User_JeHoon/Blueprint/DataAsset/Skills/DrGame/_LevelUpSpawn/DA_DrGame_LevelUpSpawn_LevelUp_Descend_Root.DA_DrGame_LevelUpSpawn_LevelUp_Descend_Root","초록색","Selection.WeaponSkill.Rarity.Green","1","28","1","0","0.3","대상당 HP 회복량; 기존 대상 조건 유지"
"SkillDefinitionDataAsset:DA_DrGame_LevelUpSpawn_LevelUp_Lift_root","회복의 기둥","/Game/User_JeHoon/Blueprint/DataAsset/Skills/DrGame/_LevelUpSpawn/DA_DrGame_LevelUpSpawn_LevelUp_Lift_root.DA_DrGame_LevelUpSpawn_LevelUp_Lift_root","파란색","Selection.WeaponSkill.Rarity.Blue","1","34","1","0","0.3","대상당 HP 회복량; 기존 대상 조건 유지"
"SkillDefinitionDataAsset:DA_DrGame_LevelUpSpawn_LevelUp_Twist_Root","회복의 소용돌이","/Game/User_JeHoon/Blueprint/DataAsset/Skills/DrGame/_LevelUpSpawn/DA_DrGame_LevelUpSpawn_LevelUp_Twist_Root.DA_DrGame_LevelUpSpawn_LevelUp_Twist_Root","파란색","Selection.WeaponSkill.Rarity.Blue","1","34","1","0","0.3","대상당 HP 회복량; 기존 대상 조건 유지"
"SkillDefinitionDataAsset:DA_DrGame_LevelUpSpawn_Spawn_Down_Root","낙하 수호","/Game/User_JeHoon/Blueprint/DataAsset/Skills/DrGame/_LevelUpSpawn/DA_DrGame_LevelUpSpawn_Spawn_Down_Root.DA_DrGame_LevelUpSpawn_Spawn_Down_Root","초록색","Selection.WeaponSkill.Rarity.Green","1","30","1","0","0.3","방패 전용(Skill.Effect.Shield → Item.Weapon.Shield); 대상당 보호막 수치; 기존 대상 조건 유지"
"SkillDefinitionDataAsset:DA_DrGame_LevelUpSpawn_Spawn_Ground_Root","대지 수호","/Game/User_JeHoon/Blueprint/DataAsset/Skills/DrGame/_LevelUpSpawn/DA_DrGame_LevelUpSpawn_Spawn_Ground_Root.DA_DrGame_LevelUpSpawn_Spawn_Ground_Root","초록색","Selection.WeaponSkill.Rarity.Green","1","30","1","0","0.3","방패 전용(Skill.Effect.Shield → Item.Weapon.Shield); 대상당 보호막 수치; 기존 대상 조건 유지"
"SkillDefinitionDataAsset:DA_DrGame_LevelUpSpawn_Spawn_Magic_Root","마력 수호","/Game/User_JeHoon/Blueprint/DataAsset/Skills/DrGame/_LevelUpSpawn/DA_DrGame_LevelUpSpawn_Spawn_Magic_Root.DA_DrGame_LevelUpSpawn_Spawn_Magic_Root","파란색","Selection.WeaponSkill.Rarity.Blue","1","36","1","0","0.3","방패 전용(Skill.Effect.Shield → Item.Weapon.Shield); 대상당 보호막 수치; 기존 대상 조건 유지"
"SkillDefinitionDataAsset:DA_DrGame_LevelUpSpawn_Spawn_Ninja_Root","연막 수호","/Game/User_JeHoon/Blueprint/DataAsset/Skills/DrGame/_LevelUpSpawn/DA_DrGame_LevelUpSpawn_Spawn_Ninja_Root.DA_DrGame_LevelUpSpawn_Spawn_Ninja_Root","파란색","Selection.WeaponSkill.Rarity.Blue","1","36","1","0","0.3","방패 전용(Skill.Effect.Shield → Item.Weapon.Shield); 대상당 보호막 수치; 기존 대상 조건 유지"
"SkillDefinitionDataAsset:DA_DrGame_LevelUpSpawn_Spawn_Teleport_Root","차원 수호","/Game/User_JeHoon/Blueprint/DataAsset/Skills/DrGame/_LevelUpSpawn/DA_DrGame_LevelUpSpawn_Spawn_Teleport_Root.DA_DrGame_LevelUpSpawn_Spawn_Teleport_Root","보라색","Selection.WeaponSkill.Rarity.Purple","1","44","1","0","0.3","방패 전용(Skill.Effect.Shield → Item.Weapon.Shield); 대상당 보호막 수치; 기존 대상 조건 유지"
"SkillDefinitionDataAsset:DA_DrGame_LevelUpSpawn_Spawn_Up_Root","상승 수호","/Game/User_JeHoon/Blueprint/DataAsset/Skills/DrGame/_LevelUpSpawn/DA_DrGame_LevelUpSpawn_Spawn_Up_Root.DA_DrGame_LevelUpSpawn_Spawn_Up_Root","초록색","Selection.WeaponSkill.Rarity.Green","1","30","1","0","0.3","방패 전용(Skill.Effect.Shield → Item.Weapon.Shield); 대상당 보호막 수치; 기존 대상 조건 유지"
"SkillDefinitionDataAsset:DA_DrGame_ProjectileHitVFX_AerolithCurved","유성 편린","/Game/User_JeHoon/Blueprint/DataAsset/Skills/DrGame/ProjectileHitVFX/DA_DrGame_ProjectileHitVFX_AerolithCurved.DA_DrGame_ProjectileHitVFX_AerolithCurved","파란색","Selection.WeaponSkill.Rarity.Blue","1","42","1","0","0.3","투사체 위력; 기존 판정·태그 유지"
"SkillDefinitionDataAsset:DA_DrGame_ProjectileHitVFX_Arrow","정밀 화살","/Game/User_JeHoon/Blueprint/DataAsset/Skills/DrGame/ProjectileHitVFX/DA_DrGame_ProjectileHitVFX_Arrow.DA_DrGame_ProjectileHitVFX_Arrow","흰색","Selection.WeaponSkill.Rarity.White","1","30","1","0","0.3","투사체 위력; 기존 판정·태그 유지"
"SkillDefinitionDataAsset:DA_DrGame_ProjectileHitVFX_Comet","혜성탄","/Game/User_JeHoon/Blueprint/DataAsset/Skills/DrGame/ProjectileHitVFX/DA_DrGame_ProjectileHitVFX_Comet.DA_DrGame_ProjectileHitVFX_Comet","보라색","Selection.WeaponSkill.Rarity.Purple","1","48","1","0","0.3","투사체 위력; 기존 판정·태그 유지"
"SkillDefinitionDataAsset:DA_DrGame_ProjectileHitVFX_FireBall","불덩이","/Game/User_JeHoon/Blueprint/DataAsset/Skills/DrGame/ProjectileHitVFX/DA_DrGame_ProjectileHitVFX_FireBall.DA_DrGame_ProjectileHitVFX_FireBall","흰색","Selection.WeaponSkill.Rarity.White","1","30","1","0","0.3","투사체 위력; 기존 판정·태그 유지"
"SkillDefinitionDataAsset:DA_DrGame_ProjectileHitVFX_HolyEnergy","성스러운 구체","/Game/User_JeHoon/Blueprint/DataAsset/Skills/DrGame/ProjectileHitVFX/DA_DrGame_ProjectileHitVFX_HolyEnergy.DA_DrGame_ProjectileHitVFX_HolyEnergy","초록색","Selection.WeaponSkill.Rarity.Green","1","36","1","0","0.3","투사체 위력; 기존 판정·태그 유지"
"SkillDefinitionDataAsset:DA_DrGame_ProjectileHitVFX_IceCrystal","얼음 결정탄","/Game/User_JeHoon/Blueprint/DataAsset/Skills/DrGame/ProjectileHitVFX/DA_DrGame_ProjectileHitVFX_IceCrystal.DA_DrGame_ProjectileHitVFX_IceCrystal","초록색","Selection.WeaponSkill.Rarity.Green","1","36","1","0","0.3","투사체 위력; 기존 판정·태그 유지"
"SkillDefinitionDataAsset:DA_DrGame_ProjectileHitVFX_Iceicle3D","고드름 탄환","/Game/User_JeHoon/Blueprint/DataAsset/Skills/DrGame/ProjectileHitVFX/DA_DrGame_ProjectileHitVFX_Iceicle3D.DA_DrGame_ProjectileHitVFX_Iceicle3D","초록색","Selection.WeaponSkill.Rarity.Green","1","36","1","0","0.3","투사체 위력; 기존 판정·태그 유지"
"SkillDefinitionDataAsset:DA_DrGame_ProjectileHitVFX_MagicLanceShuriken","마력 표창","/Game/User_JeHoon/Blueprint/DataAsset/Skills/DrGame/ProjectileHitVFX/DA_DrGame_ProjectileHitVFX_MagicLanceShuriken.DA_DrGame_ProjectileHitVFX_MagicLanceShuriken","초록색","Selection.WeaponSkill.Rarity.Green","1","36","1","0","0.3","투사체 위력; 기존 판정·태그 유지"
"SkillDefinitionDataAsset:DA_DrGame_ProjectileHitVFX_MeteoriteStraight","직선 유성탄","/Game/User_JeHoon/Blueprint/DataAsset/Skills/DrGame/ProjectileHitVFX/DA_DrGame_ProjectileHitVFX_MeteoriteStraight.DA_DrGame_ProjectileHitVFX_MeteoriteStraight","파란색","Selection.WeaponSkill.Rarity.Blue","1","42","1","0","0.3","투사체 위력; 기존 판정·태그 유지"
"SkillDefinitionDataAsset:DA_DrGame_ProjectileHitVFX_PoisonSkullFish","독해골 물고기","/Game/User_JeHoon/Blueprint/DataAsset/Skills/DrGame/ProjectileHitVFX/DA_DrGame_ProjectileHitVFX_PoisonSkullFish.DA_DrGame_ProjectileHitVFX_PoisonSkullFish","파란색","Selection.WeaponSkill.Rarity.Blue","1","42","1","0","0.3","투사체 위력; 기존 판정·태그 유지"
"SkillDefinitionDataAsset:DA_DrGame_ProjectileHitVFX_RockSling","바위 투척","/Game/User_JeHoon/Blueprint/DataAsset/Skills/DrGame/ProjectileHitVFX/DA_DrGame_ProjectileHitVFX_RockSling.DA_DrGame_ProjectileHitVFX_RockSling","흰색","Selection.WeaponSkill.Rarity.White","1","30","1","0","0.3","투사체 위력; 기존 판정·태그 유지"
"SkillDefinitionDataAsset:DA_DrGame_ProjectileHitVFX_SonicBlade","음속 칼날","/Game/User_JeHoon/Blueprint/DataAsset/Skills/DrGame/ProjectileHitVFX/DA_DrGame_ProjectileHitVFX_SonicBlade.DA_DrGame_ProjectileHitVFX_SonicBlade","초록색","Selection.WeaponSkill.Rarity.Green","1","36","1","0","0.3","투사체 위력; 기존 판정·태그 유지"
"SkillDefinitionDataAsset:DA_DrGame_ProjectileHitVFX_ThunderBolt","번개탄","/Game/User_JeHoon/Blueprint/DataAsset/Skills/DrGame/ProjectileHitVFX/DA_DrGame_ProjectileHitVFX_ThunderBolt.DA_DrGame_ProjectileHitVFX_ThunderBolt","보라색","Selection.WeaponSkill.Rarity.Purple","1","48","1","0","0.3","투사체 위력; 기존 판정·태그 유지"
"SkillDefinitionDataAsset:DA_DrGame_ProjectileHitVFX_VenomDart","독침","/Game/User_JeHoon/Blueprint/DataAsset/Skills/DrGame/ProjectileHitVFX/DA_DrGame_ProjectileHitVFX_VenomDart.DA_DrGame_ProjectileHitVFX_VenomDart","흰색","Selection.WeaponSkill.Rarity.White","1","30","1","0","0.3","투사체 위력; 기존 판정·태그 유지"
"SkillDefinitionDataAsset:DA_DrGame_SlashHitVFX_Slash_Axe","도끼 참격","/Game/User_JeHoon/Blueprint/DataAsset/Skills/DrGame/SlashHitVFX/DA_DrGame_SlashHitVFX_Slash_Axe.DA_DrGame_SlashHitVFX_Slash_Axe","초록색","Selection.WeaponSkill.Rarity.Green","1","42","1","0","0.3","참격 위력; 기존 범위·판정 유지"
"SkillDefinitionDataAsset:DA_DrGame_SlashHitVFX_Slash_CurvedSword","곡검 참격","/Game/User_JeHoon/Blueprint/DataAsset/Skills/DrGame/SlashHitVFX/DA_DrGame_SlashHitVFX_Slash_CurvedSword.DA_DrGame_SlashHitVFX_Slash_CurvedSword","파란색","Selection.WeaponSkill.Rarity.Blue","1","48","1","0","0.3","참격 위력; 기존 범위·판정 유지"
"SkillDefinitionDataAsset:DA_DrGame_SlashHitVFX_Slash_Katana","발도 참격","/Game/User_JeHoon/Blueprint/DataAsset/Skills/DrGame/SlashHitVFX/DA_DrGame_SlashHitVFX_Slash_Katana.DA_DrGame_SlashHitVFX_Slash_Katana","보라색","Selection.WeaponSkill.Rarity.Purple","1","55","1","0","0.3","참격 위력; 기존 범위·판정 유지"
"SkillDefinitionDataAsset:DA_DrGame_SlashHitVFX_Slash_Reaper","낫 참격","/Game/User_JeHoon/Blueprint/DataAsset/Skills/DrGame/SlashHitVFX/DA_DrGame_SlashHitVFX_Slash_Reaper.DA_DrGame_SlashHitVFX_Slash_Reaper","주황색","Selection.WeaponSkill.Rarity.Orange","1","64","1","0","0.3","참격 위력; 기존 범위·판정 유지"
"SkillDefinitionDataAsset:DA_MeleeAttack","근접 공격","/Game/User_JeHoon/Blueprint/DataAsset/Skills/Weapons/DA_MeleeAttack.DA_MeleeAttack","흰색","Selection.WeaponSkill.Rarity.White","1","50","1","0","0.23","무기 부여 근접 공격; 기존 위력·선딜 유지"
"SkillDefinitionDataAsset:DA_CrossbowAttack","석궁 공격","/Game/User_JeHoon/Blueprint/DataAsset/Skills/Weapons/DA_CrossbowAttack.DA_CrossbowAttack","흰색","Selection.WeaponSkill.Rarity.White","1","30","1","0","0.3","석궁 부여 투사체; 흰색 단독 후보·기존 판정 유지"
