"장비 등급","장비 등급 태그","스킬 등급","스킬 등급 태그","가중치","비고"
"흰색","Item.Rarity.White","흰색","Selection.WeaponSkill.Rarity.White","80","무기 태그 적격 후보가 있는 등급부터 추첨 후 등급 내 기본 가중치 적용"
"흰색","Item.Rarity.White","초록색","Selection.WeaponSkill.Rarity.Green","18","무기 태그 적격 후보가 있는 등급부터 추첨 후 등급 내 기본 가중치 적용"
"흰색","Item.Rarity.White","파란색","Selection.WeaponSkill.Rarity.Blue","2","무기 태그 적격 후보가 있는 등급부터 추첨 후 등급 내 기본 가중치 적용"
"흰색","Item.Rarity.White","보라색","Selection.WeaponSkill.Rarity.Purple","0","해당 등급 추첨 제외; 적격 스킬이 있는 양수 가중치만 재정규화"
"흰색","Item.Rarity.White","주황색","Selection.WeaponSkill.Rarity.Orange","0","해당 등급 추첨 제외; 적격 스킬이 있는 양수 가중치만 재정규화"
"초록색","Item.Rarity.Green","흰색","Selection.WeaponSkill.Rarity.White","45","무기 태그 적격 후보가 있는 등급부터 추첨 후 등급 내 기본 가중치 적용"
"초록색","Item.Rarity.Green","초록색","Selection.WeaponSkill.Rarity.Green","40","무기 태그 적격 후보가 있는 등급부터 추첨 후 등급 내 기본 가중치 적용"
"초록색","Item.Rarity.Green","파란색","Selection.WeaponSkill.Rarity.Blue","13","무기 태그 적격 후보가 있는 등급부터 추첨 후 등급 내 기본 가중치 적용"
"초록색","Item.Rarity.Green","보라색","Selection.WeaponSkill.Rarity.Purple","2","무기 태그 적격 후보가 있는 등급부터 추첨 후 등급 내 기본 가중치 적용"
"초록색","Item.Rarity.Green","주황색","Selection.WeaponSkill.Rarity.Orange","0","해당 등급 추첨 제외; 적격 스킬이 있는 양수 가중치만 재정규화"
"파란색","Item.Rarity.Blue","흰색","Selection.WeaponSkill.Rarity.White","18","무기 태그 적격 후보가 있는 등급부터 추첨 후 등급 내 기본 가중치 적용"
"파란색","Item.Rarity.Blue","초록색","Selection.WeaponSkill.Rarity.Green","32","무기 태그 적격 후보가 있는 등급부터 추첨 후 등급 내 기본 가중치 적용"
"파란색","Item.Rarity.Blue","파란색","Selection.WeaponSkill.Rarity.Blue","38","무기 태그 적격 후보가 있는 등급부터 추첨 후 등급 내 기본 가중치 적용"
"파란색","Item.Rarity.Blue","보라색","Selection.WeaponSkill.Rarity.Purple","11","무기 태그 적격 후보가 있는 등급부터 추첨 후 등급 내 기본 가중치 적용"
"파란색","Item.Rarity.Blue","주황색","Selection.WeaponSkill.Rarity.Orange","1","무기 태그 적격 후보가 있는 등급부터 추첨 후 등급 내 기본 가중치 적용"
"보라색","Item.Rarity.Purple","흰색","Selection.WeaponSkill.Rarity.White","5","무기 태그 적격 후보가 있는 등급부터 추첨 후 등급 내 기본 가중치 적용"
"보라색","Item.Rarity.Purple","초록색","Selection.WeaponSkill.Rarity.Green","15","무기 태그 적격 후보가 있는 등급부터 추첨 후 등급 내 기본 가중치 적용"
"보라색","Item.Rarity.Purple","파란색","Selection.WeaponSkill.Rarity.Blue","35","무기 태그 적격 후보가 있는 등급부터 추첨 후 등급 내 기본 가중치 적용"
"보라색","Item.Rarity.Purple","보라색","Selection.WeaponSkill.Rarity.Purple","38","무기 태그 적격 후보가 있는 등급부터 추첨 후 등급 내 기본 가중치 적용"
"보라색","Item.Rarity.Purple","주황색","Selection.WeaponSkill.Rarity.Orange","7","무기 태그 적격 후보가 있는 등급부터 추첨 후 등급 내 기본 가중치 적용"
"주황색","Item.Rarity.Orange","흰색","Selection.WeaponSkill.Rarity.White","1","무기 태그 적격 후보가 있는 등급부터 추첨 후 등급 내 기본 가중치 적용"
"주황색","Item.Rarity.Orange","초록색","Selection.WeaponSkill.Rarity.Green","4","무기 태그 적격 후보가 있는 등급부터 추첨 후 등급 내 기본 가중치 적용"
"주황색","Item.Rarity.Orange","파란색","Selection.WeaponSkill.Rarity.Blue","20","무기 태그 적격 후보가 있는 등급부터 추첨 후 등급 내 기본 가중치 적용"
"주황색","Item.Rarity.Orange","보라색","Selection.WeaponSkill.Rarity.Purple","45","무기 태그 적격 후보가 있는 등급부터 추첨 후 등급 내 기본 가중치 적용"
"주황색","Item.Rarity.Orange","주황색","Selection.WeaponSkill.Rarity.Orange","30","무기 태그 적격 후보가 있는 등급부터 추첨 후 등급 내 기본 가중치 적용"
