"무기 종류","위치","에셋 이름","가격(G)","게임 내 이름","등급","분류 근거"
"검","/Game/PurePoly/FreeLowPolyFantasyRPGWeapons/Meshes","SM_PP_Theme_06_Sword_Two-Handed_001","1","성채 수호자의 대검","파란색","분절된 은빛 칼날과 청색 보석을 두른 정교한 가드"
"검","/Game/PurePoly/FreeLowPolyFantasyRPGWeapons/Meshes","SM_PP_Theme_11_Sword_One-Handed_003","1","떠돌이 기사의 검","보라색","뼈처럼 갈라진 갈고리 가드와 금빛 세공의 이형 검"
"단검","/Game/Adventures_Pack/Mesh/Adventure_01/Mesh_UE4/Separate","SM_Adventure_01_Knife","1","노련한 모험가의 칼","초록색","칼등 구멍과 견고한 손잡이를 갖춘 전술 단검"
"단검","/Game/Adventures_Pack/Mesh/Adventure_03/Weapons","SM_Knife","1","떠돌이 정찰병의 칼","흰색","짧은 단날과 장식 없는 일자 손잡이"
"단검","/Game/Assassin/Mesh/Separated_Mesh/Weapon","SM_dagger_Mesh","1","침묵하는 암살자의 단검","초록색","매끈한 좁은 칼날과 금속 가드 및 감은 손잡이"
"단검","/Game/CR/LQ/Weapon/Weapon_001_Ravi/Mesh","SM_Dagger_001_01","1","새벽 순찰자의 단검","흰색","곧은 삼각 칼날과 짧은 가드만 있는 기본 단검"
"단검","/Game/CR/LQ/Weapon/Weapon_001_Ravi/Mesh","SM_Dagger_001_02","1","잿빛 나그네의 단검","초록색","가는 날과 마름모 손잡이 끝을 정돈한 가벼운 실전형"
"단검","/Game/CR/LQ/Weapon/Weapon_001_Ravi/Mesh","SM_Dagger_001_03","1","황혼 파수꾼의 단검","파란색","칼날 속 큰 물방울형 홈이 드러나는 특수 제작형"
"단검","/Game/CR/LQ/Weapon/Weapon_001_Ravi/Mesh","SM_Dagger_001_04","1","돌무덤 기사의 단검","파란색","육각에 가까운 넓은 날에 두 파란 장식이 박힌 형태"
"단검","/Game/CR/LQ/Weapon/Weapon_001_Ravi/Mesh","SM_Dagger_001_05","1","안개 숲지기의 단검","파란색","칼날 뿌리의 큰 파란 다면 장식과 작은 보석"
"단검","/Game/CR/LQ/Weapon/Weapon_001_Ravi/Mesh","SM_Dagger_001_06","1","붉은 성채의 단검","파란색","연속된 구멍 세공의 물결 칼날과 주황 손잡이"
"단검","/Game/CR/LQ/Weapon/Weapon_001_Ravi/Mesh","SM_Dagger_001_07","1","달그늘 사냥꾼의 단검","초록색","네모난 날과 파란 손잡이로 구성한 단순 강화형"
"단검","/Game/CR/LQ/Weapon/Weapon_001_Ravi/Mesh","SM_Dagger_001_08","1","고요한 맹세의 단검","파란색","굽은 갈고리 칼날과 돌출된 가드의 독특한 형상"
"단검","/Game/CR/LQ/Weapon/Weapon_001_Ravi/Mesh","SM_Dagger_001_09","1","흰 늑대의 단검","파란색","얇은 칼날 아래 청색 결정 두 개가 박힌 세공형"
"단검","/Game/CR/LQ/Weapon/Weapon_001_Ravi/Mesh","SM_Dagger_001_10","1","잊힌 왕국의 단검","초록색","곡선 날과 푸른 손잡이를 갖춘 절제된 실전형"
"단검","/Game/Primitive_Characters_Pack/Mesh/Primitive_01/Mesh_Weapon","SM_Primitive_Weapon_03","1","들판 사냥꾼의 단검","흰색","거칠게 깎은 석재 칼날과 단순한 손잡이 매듭"
"단검","/Game/Primitive_Characters_Pack/Mesh/Primitive_01/Mesh_Weapon","SM_Primitive_Weapon_04","1","골짜기 사냥꾼의 단검","흰색","뼈를 다듬은 단순 곡날과 묶은 손잡이"
"단검","/Game/PurePoly/FreeLowPolyFantasyRPGWeapons/Meshes","SM_PP_Theme_10_Dagger_002","1","달빛 나그네의 단검","파란색","분절된 곡날과 상아색 갈고리 가드의 장식 단검"
"단검","/Game/Weapon_Pack/Mesh/Weapons/Weapons_Kit","SM_Dagger_1","1","골목 그림자의 단검","흰색","평범한 직선 칼날과 장식이 적은 짧은 손잡이"
"단검","/Game/Weapon_Pack/Mesh/Weapons/Weapons_Kit","SM_Dagger_2","1","밤안개 단검","초록색","넓은 칼날과 청색 십자 가드의 정돈된 단검"
"단검","/Game/Weapon_Pack/Skeletal_Mesh","SK_Dagger_1","1","검은 망토의 단검","흰색","평범한 직선 칼날과 장식이 적은 짧은 손잡이"
"단검","/Game/Weapon_Pack/Skeletal_Mesh","SK_Dagger_2","1","빈 거리의 단검","초록색","넓은 칼날과 청색 십자 가드의 정돈된 단검"
"활","/Game/CR/LQ/Weapon/Weapon_001_Ravi/Mesh","SM_Bow_001_01","1","새벽 순찰자의 활","파란색","양끝의 가시 같은 장식과 짙은 청색의 특수 곡선"
"활","/Game/CR/LQ/Weapon/Weapon_001_Ravi/Mesh","SM_Bow_001_02","1","잿빛 나그네의 활","흰색","장식이 거의 없는 매끈한 청회색 굽은 활대"
"활","/Game/CR/LQ/Weapon/Weapon_001_Ravi/Mesh","SM_Bow_001_03","1","황혼 파수꾼의 활","초록색","금속 마디와 작은 장식으로 보강한 실전용 활"
"활","/Game/CR/LQ/Weapon/Weapon_001_Ravi/Mesh","SM_Bow_001_04","1","돌무덤 기사의 활","초록색","절제된 검은 활대에 파란 손잡이와 끝장식"
"활","/Game/CR/LQ/Weapon/Weapon_001_Ravi/Mesh","SM_Bow_001_05","1","안개 숲지기의 활","파란색","양끝에 크게 돌출된 백색 뿔 장식의 특수 활"
"활","/Game/CR/LQ/Weapon/Weapon_001_Ravi/Mesh","SM_Bow_001_06","1","붉은 성채의 활","초록색","천을 감은 듯한 줄무늬와 밝은 손잡이의 실전형"
"활","/Game/CR/LQ/Weapon/Weapon_001_Ravi/Mesh","SM_Bow_001_07","1","달그늘 사냥꾼의 활","파란색","용 머리처럼 돌출된 두 백색 조각 장식"
"활","/Game/CR/LQ/Weapon/Weapon_001_Ravi/Mesh","SM_Bow_001_08","1","고요한 맹세의 활","파란색","갈라진 갈고리와 거미줄 같은 골격 세공"
"활","/Game/CR/LQ/Weapon/Weapon_001_Ravi/Mesh","SM_Bow_001_09","1","흰 늑대의 활","보라색","검은 날 사이로 선명한 녹색이 드러나는 불규칙한 마법 형상"
"활","/Game/CR/LQ/Weapon/Weapon_001_Ravi/Mesh","SM_Bow_001_10","1","잊힌 왕국의 활","보라색","겹겹의 검은 결정 가시와 날카로운 용골 같은 윤곽"
"활","/Game/PurePoly/FreeLowPolyFantasyRPGWeapons/Meshes","SM_PP_Theme_02_Bow_001","1","숲길 사냥꾼의 활","파란색","뼈 모양 말단과 상아색 마디 장식이 있는 활"
"지팡이·완드","/Game/MageStaff_FreeWeapons","SM_Staff_01","1","별길 마법사의 지팡이","파란색","초승달 머리 장식과 가늘게 세공한 마법 지팡이"
"방패","/Game/Adventures_Pack/Mesh/Adventure_05/Shield_And_Club","SM_Shield","1","모험가의 방패","흰색","장식 없는 검은 직사각형 방패와 기본 손잡이"
"방패","/Game/CR/LQ/Weapon/Weapon_001_Ravi/Mesh","SM_Shield_001_01","1","새벽 순찰자의 방패","초록색","매끈한 테두리와 커다란 새 문장의 단정한 방패"
"방패","/Game/CR/LQ/Weapon/Weapon_001_Ravi/Mesh","SM_Shield_001_02","1","잿빛 나그네의 방패","흰색","판자를 이어붙인 듯한 몸체와 단순 가로 고정띠"
"방패","/Game/CR/LQ/Weapon/Weapon_001_Ravi/Mesh","SM_Shield_001_03","1","황혼 파수꾼의 방패","파란색","각진 외곽과 독수리 문양 및 육각 중심 장식"
"방패","/Game/CR/LQ/Weapon/Weapon_001_Ravi/Mesh","SM_Shield_001_04","1","돌무덤 기사의 방패","파란색","길게 얽힌 은색 문양으로 전면을 채운 세공형"
"방패","/Game/CR/LQ/Weapon/Weapon_001_Ravi/Mesh","SM_Shield_001_05","1","안개 숲지기의 방패","초록색","이중 테두리와 큰 도끼 문장의 실전형 방패"
"방패","/Game/CR/LQ/Weapon/Weapon_001_Ravi/Mesh","SM_Shield_001_06","1","붉은 성채의 방패","초록색","다각형 몸체에 넓은 금속 보강판을 붙인 형태"
"방패","/Game/CR/LQ/Weapon/Weapon_001_Ravi/Mesh","SM_Shield_001_07","1","달그늘 사냥꾼의 방패","파란색","교차한 무기와 곡선 문양을 촘촘히 넣은 장식형"
"방패","/Game/CR/LQ/Weapon/Weapon_001_Ravi/Mesh","SM_Shield_001_08","1","고요한 맹세의 방패","초록색","검은 바탕에 굵은 금속판과 리벳을 배치한 보강형"
"방패","/Game/CR/LQ/Weapon/Weapon_001_Ravi/Mesh","SM_Shield_001_09","1","흰 늑대의 방패","파란색","마름모 윤곽 안의 대칭 금속 문양을 새긴 특수형"
"방패","/Game/CR/LQ/Weapon/Weapon_001_Ravi/Mesh","SM_Shield_001_10","1","잊힌 왕국의 방패","파란색","복잡한 돌출 윤곽과 청백색 문장이 돋보이는 세공형"
"방패","/Game/PurePoly/FreeLowPolyFantasyRPGWeapons/Meshes","SM_PP_Theme_01_Shield_005","1","산맥 수호자의 방패","초록색","금속 테두리와 리벳으로 보강한 청색 방패"
"방패","/Game/PurePoly/FreeLowPolyFantasyRPGWeapons/Meshes","SM_PP_Theme_06_Shield_002","1","오래된 맹세의 방패","보라색","청록색 중심면과 용 형상 금빛 장식의 화려한 방패"
"방패","/Game/Weapon_Pack/Mesh/Weapons/Weapons_Kit","SM_Shield","1","변경 수비대의 방패","초록색","금속 테두리와 중심 돌기가 있는 실전형 원형 방패"
"방패","/Game/Weapon_Pack/Skeletal_Mesh","SK_Shield","1","전열 기사의 방패","초록색","금속 테두리와 중심 돌기가 있는 실전형 원형 방패"
