"계열","세부 분류","속성·테마","에셋 형식","원본 팩","위치","에셋 이름","분류 근거","확인 사항","게임 내 이름"
"근접/Slash","무기 부착 효과","매트릭스","NiagaraSystem","SlashTrail_SoftTofu","/Game/SlashTrail_SoftTofu/Niagara/Matrix","NS_Sword_Matrix","이름: NS_Sword_Matrix; 테마 폴더: Matrix","확인 필요: 부착 위치·형태","문자 검기"
"근접/Slash","무기 부착 효과","모래","NiagaraSystem","SlashTrail_SoftTofu","/Game/SlashTrail_SoftTofu/Niagara/Sand","NS_Sword_Sand","이름: NS_Sword_Sand; 테마 폴더: Sand","확인 필요: 부착 위치·형태","모래 검기"
"근접/Slash","무기 부착 효과","물","NiagaraSystem","SlashTrail_SoftTofu","/Game/SlashTrail_SoftTofu/Niagara/Water","NS_Sword_Water","이름: NS_Sword_Water; 테마 폴더: Water","확인 필요: 부착 위치·형태","물결 검기"
"근접/Slash","무기 부착 효과","바람","NiagaraSystem","SlashTrail_SoftTofu","/Game/SlashTrail_SoftTofu/Niagara/Wind","NS_Sword_Wind","이름: NS_Sword_Wind; 테마 폴더: Wind","확인 필요: 부착 위치·형태","바람 검기"
"근접/Slash","무기 부착 효과","번개","NiagaraSystem","SlashTrail_SoftTofu","/Game/SlashTrail_SoftTofu/Niagara/Lightning","NS_Sword_Lightning","이름: NS_Sword_Lightning; 테마 폴더: Lightning","확인 필요: 부착 위치·형태","뇌전 검기"
"근접/Slash","무기 부착 효과","사이버","NiagaraSystem","SlashTrail_SoftTofu","/Game/SlashTrail_SoftTofu/Niagara/Cyberpunk","NS_Sword_CyberPunk","이름: NS_Sword_CyberPunk; 테마 폴더: Cyberpunk","확인 필요: 부착 위치·형태","전광 검기"
"근접/Slash","무기 부착 효과","신비","NiagaraSystem","SlashTrail_SoftTofu","/Game/SlashTrail_SoftTofu/Niagara/Mystic","NS_Sword_Mystic","이름: NS_Sword_Mystic; 테마 폴더: Mystic","확인 필요: 부착 위치·형태","신비 검기"
"근접/Slash","무기 부착 효과","암흑","NiagaraSystem","SlashTrail_SoftTofu","/Game/SlashTrail_SoftTofu/Niagara/Dark","NS_Sword_Dark","이름: NS_Sword_Dark; 테마 폴더: Dark","확인 필요: 부착 위치·형태","어둠 검기"
"근접/Slash","무기 부착 효과","얼음","NiagaraSystem","SlashTrail_SoftTofu","/Game/SlashTrail_SoftTofu/Niagara/Ice","NS_Sword_Ice","이름: NS_Sword_Ice; 테마 폴더: Ice","확인 필요: 부착 위치·형태","서리 검기"
"근접/Slash","무기 부착 효과","음악","NiagaraSystem","SlashTrail_SoftTofu","/Game/SlashTrail_SoftTofu/Niagara/Music","NS_Sword_Music","이름: NS_Sword_Music; 테마 폴더: Music","확인 필요: 부착 위치·형태","선율 검기"
"근접/Slash","무기 부착 효과","자연","NiagaraSystem","SlashTrail_SoftTofu","/Game/SlashTrail_SoftTofu/Niagara/Nature","NS_Sword_Nature","이름: NS_Sword_Nature; 테마 폴더: Nature","확인 필요: 부착 위치·형태","숲 검기"
"근접/Slash","무기 부착 효과","화염","NiagaraSystem","SlashTrail_SoftTofu","/Game/SlashTrail_SoftTofu/Niagara/Fire","NS_Sword_Fire","이름: NS_Sword_Fire; 테마 폴더: Fire","확인 필요: 부착 위치·형태","화염 검기"
"근접/Slash","무기 부착 효과","SF","NiagaraSystem","SlashTrail_SoftTofu","/Game/SlashTrail_SoftTofu/Niagara/Scifi","NS_Sword_Scifi","이름: NS_Sword_Scifi; 테마 폴더: Scifi","확인 필요: 부착 위치·형태","광자 검기"
"근접/Slash","무기 Trail","마법","ParticleSystem","TrailPack","/Game/TrailPack/Particles/Cascade/Magic/Sword_Trail","P_TMagic","유형 폴더: Magic/Sword_Trail","","마력의 검흔"
"근접/Slash","무기 Trail","마법","NiagaraSystem","TrailPack","/Game/TrailPack/Particles/Niagara/Magic/Trail","NS_MagicTrail","유형 폴더: Magic/Trail","","마력의 검흔"
"근접/Slash","무기 Trail","무지개/광채","ParticleSystem","TrailPack","/Game/TrailPack/Particles/Cascade/RainbowFlare/Trail","P_Flare","유형 폴더: RainbowFlare/Trail","","찬란한 검흔"
"근접/Slash","무기 Trail","무지개/광채","ParticleSystem","TrailPack","/Game/TrailPack/Particles/Cascade/RainbowFlare/Trail","P_FlareSoft","유형 폴더: RainbowFlare/Trail","","은은한 검흔"
"근접/Slash","무기 Trail","무지개/광채","NiagaraSystem","TrailPack","/Game/TrailPack/Particles/Niagara/RainbowFlare/Trail","NS_Flare","유형 폴더: RainbowFlare/Trail","","찬란한 검흔"
"근접/Slash","무기 Trail","무지개/광채","NiagaraSystem","TrailPack","/Game/TrailPack/Particles/Niagara/RainbowFlare/Trail","NS_FlareSoft","유형 폴더: RainbowFlare/Trail","","은은한 검흔"
"근접/Slash","무기 Trail","미지정","NiagaraSystem","SwordTrailVFX","/Game/SwordTrailVFX/VFX","NS_Trail_01","이름: NS_Trail_01","","검흔"
"근접/Slash","무기 Trail","미지정","NiagaraSystem","SwordTrailVFX","/Game/SwordTrailVFX/VFX","NS_Trail_02","이름: NS_Trail_02","","검의 잔상"
"근접/Slash","무기 Trail","미지정","NiagaraSystem","SwordTrailVFX","/Game/SwordTrailVFX/VFX","NS_Trail_03","이름: NS_Trail_03","","검의 잔향"
"근접/Slash","무기 Trail","미지정","NiagaraSystem","SwordTrailVFX","/Game/SwordTrailVFX/VFX","NS_Trail_04","이름: NS_Trail_04","","칼날의 흔적"
"근접/Slash","무기 Trail","미지정","NiagaraSystem","SwordTrailVFX","/Game/SwordTrailVFX/VFX","NS_Trail_05","이름: NS_Trail_05","","칼날의 잔상"
"근접/Slash","무기 Trail","미지정","NiagaraSystem","SwordTrailVFX","/Game/SwordTrailVFX/VFX","NS_Trail_06","이름: NS_Trail_06","","칼날의 잔향"
"근접/Slash","무기 Trail","미지정","NiagaraSystem","SwordTrailVFX","/Game/SwordTrailVFX/VFX","NS_Trail_07","이름: NS_Trail_07","","베기의 흔적"
"근접/Slash","무기 Trail","미지정","NiagaraSystem","SwordTrailVFX","/Game/SwordTrailVFX/VFX","NS_Trail_08","이름: NS_Trail_08","","베기의 잔상"
"근접/Slash","무기 Trail","미지정","NiagaraSystem","SwordTrailVFX","/Game/SwordTrailVFX/VFX","NS_Trail_09","이름: NS_Trail_09","","베기의 잔향"
"근접/Slash","무기 Trail","미지정","NiagaraSystem","SwordTrailVFX","/Game/SwordTrailVFX/VFX","NS_Trail_10","이름: NS_Trail_10","","검무의 흔적"
"근접/Slash","무기 Trail","미지정","NiagaraSystem","SwordTrailVFX","/Game/SwordTrailVFX/VFX","NS_Trail_11","이름: NS_Trail_11","","검무의 잔상"
"근접/Slash","무기 Trail","미지정","NiagaraSystem","SwordTrailVFX","/Game/SwordTrailVFX/VFX","NS_Trail_12","이름: NS_Trail_12","","검무의 잔향"
"근접/Slash","무기 Trail","미지정","NiagaraSystem","SwordTrailVFX","/Game/SwordTrailVFX/VFX","NS_Trail_13","이름: NS_Trail_13","","검기의 흔적"
"근접/Slash","무기 Trail","미지정","NiagaraSystem","SwordTrailVFX","/Game/SwordTrailVFX/VFX","NS_Trail_14","이름: NS_Trail_14","","검기의 잔상"
"근접/Slash","무기 Trail","미지정","NiagaraSystem","SwordTrailVFX","/Game/SwordTrailVFX/VFX","NS_Trail_15","이름: NS_Trail_15","","검기의 잔향"
"근접/Slash","무기 Trail","미지정","NiagaraSystem","SwordTrailVFX","/Game/SwordTrailVFX/VFX","NS_Trail_16","이름: NS_Trail_16","","무인의 검흔"
"근접/Slash","무기 Trail","미지정","NiagaraSystem","SwordTrailVFX","/Game/SwordTrailVFX/VFX","NS_Trail_17","이름: NS_Trail_17","","검사의 잔상"
"근접/Slash","무기 Trail","미지정","NiagaraSystem","SwordTrailVFX","/Game/SwordTrailVFX/VFX","NS_Trail_18","이름: NS_Trail_18","","검객의 잔향"
"근접/Slash","무기 Trail","반투명","ParticleSystem","TrailPack","/Game/TrailPack/Particles/Cascade/Translucent_Wave/Trail","P_TranslucentWave01","유형 폴더: Translucent_Wave/Trail","","아른거리는 검흔"
"근접/Slash","무기 Trail","반투명","ParticleSystem","TrailPack","/Game/TrailPack/Particles/Cascade/Translucent_Wave/Trail","P_TranslucentWave02","유형 폴더: Translucent_Wave/Trail","","희미한 검흔"
"근접/Slash","무기 Trail","반투명","NiagaraSystem","TrailPack","/Game/TrailPack/Particles/Niagara/Translucent_Wave/Trail","NS_TranslucentWave01","유형 폴더: Translucent_Wave/Trail","","아른거리는 검흔"
"근접/Slash","무기 Trail","반투명","NiagaraSystem","TrailPack","/Game/TrailPack/Particles/Niagara/Translucent_Wave/Trail","NS_TranslucentWave02","유형 폴더: Translucent_Wave/Trail","","희미한 검흔"
"근접/Slash","무기 Trail","부식","ParticleSystem","TrailPack","/Game/TrailPack/Particles/Cascade/Corrosion/SwordTrail","P_Corrosion","유형 폴더: Corrosion/SwordTrail","","침식의 검흔"
"근접/Slash","무기 Trail","부식","NiagaraSystem","TrailPack","/Game/TrailPack/Particles/Niagara/Corrosion/Trail","NS_Corrosion","유형 폴더: Corrosion/Trail","","침식의 검흔"
"근접/Slash","무기 Trail","불사조","ParticleSystem","TrailPack","/Game/TrailPack/Particles/Cascade/Phoenix/Trail","P_PhoenixTrail","유형 폴더: Phoenix/Trail","","불사조의 검흔"
"근접/Slash","무기 Trail","불사조","ParticleSystem","TrailPack","/Game/TrailPack/Particles/Cascade/Phoenix/Trail","P_SpeedLines","유형 폴더: Phoenix/Trail","","질주의 흔적"
"근접/Slash","무기 Trail","불사조","NiagaraSystem","TrailPack","/Game/TrailPack/Particles/Niagara/Phoenix/Trail","NS_PhoenixTrail","유형 폴더: Phoenix/Trail","","불사조의 검흔"
"근접/Slash","무기 Trail","속도","ParticleSystem","TrailPack","/Game/TrailPack/Particles/Cascade/Speed/Sword_Trail","P_SpeedTrail","유형 폴더: Speed/Sword_Trail","","질풍의 검흔"
"근접/Slash","무기 Trail","속도","ParticleSystem","TrailPack","/Game/TrailPack/Particles/Cascade/Speed/Sword_Trail","P_SpeedTrail_Add","유형 폴더: Speed/Sword_Trail","","질풍 검흔의 잔광"
"근접/Slash","무기 Trail","속도","NiagaraSystem","TrailPack","/Game/TrailPack/Particles/Niagara/Speed/Trail","NS_SpeedTrail","유형 폴더: Speed/Trail","","질풍의 검흔"
"근접/Slash","무기 Trail","암흑","ParticleSystem","TrailPack","/Game/TrailPack/Particles/Cascade/Dark/Sword_Trail","P_DarkTrail","유형 폴더: Dark/Sword_Trail","","어둠의 검흔"
"근접/Slash","무기 Trail","암흑","NiagaraSystem","TrailPack","/Game/TrailPack/Particles/Niagara/Dark/Sword","NS_DarkTrail","유형 폴더: Dark/Sword","","어둠의 검흔"
"근접/Slash","무기 Trail","영혼","ParticleSystem","TrailPack","/Game/TrailPack/Particles/Cascade/Soul/Sword_Trail","P_SoulTwiTrail","유형 폴더: Soul/Sword_Trail","","영혼의 검흔"
"근접/Slash","무기 Trail","영혼","NiagaraSystem","TrailPack","/Game/TrailPack/Particles/Niagara/Soul/Trail","NS_SoulTwiTrail","유형 폴더: Soul/Trail","","영혼의 검흔"
"근접/Slash","무기 Trail","원소 혼합","ParticleSystem","TrailPack","/Game/TrailPack/Particles/Cascade/Elemental/Sword_Trail","P_Elemental_Inner","유형 폴더: Elemental/Sword_Trail","","원소의 검심"
"근접/Slash","무기 Trail","원소 혼합","ParticleSystem","TrailPack","/Game/TrailPack/Particles/Cascade/Elemental/Sword_Trail","P_Elemental_Main","유형 폴더: Elemental/Sword_Trail","","원소의 검흔"
"근접/Slash","무기 Trail","원소 혼합","ParticleSystem","TrailPack","/Game/TrailPack/Particles/Cascade/Elemental/Sword_Trail","P_Elemental_Outer","유형 폴더: Elemental/Sword_Trail","","원소 검흔의 잔향"
"근접/Slash","무기 Trail","원소 혼합","NiagaraSystem","TrailPack","/Game/TrailPack/Particles/Niagara/Elemental/Trail","NS_Elemental_Main","유형 폴더: Elemental/Trail","","원소의 검흔"
"근접/Slash","무기 Trail","원소 혼합","NiagaraSystem","TrailPack","/Game/TrailPack/Particles/Niagara/Elemental/Trail","NS_Elemental_Outer","유형 폴더: Elemental/Trail","","원소 검흔의 잔향"
"근접/Slash","무기 Trail","잉크","ParticleSystem","TrailPack","/Game/TrailPack/Particles/Cascade/Ink/Sword_Trail","P_InkShadow","유형 폴더: Ink/Sword_Trail","","먹빛 잔영"
"근접/Slash","무기 Trail","잉크","ParticleSystem","TrailPack","/Game/TrailPack/Particles/Cascade/Ink/Sword_Trail","P_InkTrail","유형 폴더: Ink/Sword_Trail","","먹빛 검흔"
"근접/Slash","무기 Trail","잉크","NiagaraSystem","TrailPack","/Game/TrailPack/Particles/Niagara/Ink/Trail","NS_InkShadow","유형 폴더: Ink/Trail","","먹빛 잔영"
"근접/Slash","무기 Trail","잉크","NiagaraSystem","TrailPack","/Game/TrailPack/Particles/Niagara/Ink/Trail","NS_InkTrail","유형 폴더: Ink/Trail","","먹빛 검흔"
"근접/Slash","무기 Trail","파동","ParticleSystem","TrailPack","/Game/TrailPack/Particles/Cascade/Wave/Sword_Trail","P_WaveSmallTrail","유형 폴더: Wave/Sword_Trail","","잔물결의 검흔"
"근접/Slash","무기 Trail","파동","ParticleSystem","TrailPack","/Game/TrailPack/Particles/Cascade/Wave/Sword_Trail","P_WaveTrail","유형 폴더: Wave/Sword_Trail","","파동의 검흔"
"근접/Slash","무기 Trail","파동","NiagaraSystem","TrailPack","/Game/TrailPack/Particles/Niagara/Wave/Trail","NS_WaveTrail","유형 폴더: Wave/Trail","","파동의 검흔"
"근접/Slash","무기 Trail","Strong","ParticleSystem","TrailPack","/Game/TrailPack/Particles/Cascade/Strong/Sword_Trail","P_Strong","유형 폴더: Strong/Sword_Trail","","강격의 검흔"
"근접/Slash","무기 Trail","Strong","NiagaraSystem","TrailPack","/Game/TrailPack/Particles/Niagara/Strong/Trail","NS_Strong","유형 폴더: Strong/Trail","","강격의 검흔"
"근접/Slash","무기 Trail","Whisp","ParticleSystem","TrailPack","/Game/TrailPack/Particles/Cascade/Whisp/Trail","M_Whisp01","유형 폴더: Whisp/Trail","M 접두지만 ParticleSystem","혼불의 검흔"
"근접/Slash","무기 Trail","Whisp","NiagaraSystem","TrailPack","/Game/TrailPack/Particles/Niagara/Whisp/Trail","NS_Whisp","유형 폴더: Whisp/Trail","","혼불의 검흔"
"근접/Slash","무기 Trail 연동","마법","Blueprint","TrailPack","/Game/TrailPack/Particles/Niagara/Magic","BP_MagicAnimTrails","유형 폴더: Magic","애니메이션 알림 BP; Niagara 호출용","마력의 검흔"
"근접/Slash","무기 Trail 연동","무지개/광채","Blueprint","TrailPack","/Game/TrailPack/Particles/Niagara/RainbowFlare","BP_RainbowAnimTrails","유형 폴더: RainbowFlare","애니메이션 알림 BP; Niagara 호출용","찬란한 검흔"
"근접/Slash","무기 Trail 연동","반투명","Blueprint","TrailPack","/Game/TrailPack/Particles/Niagara/Translucent_Wave","BP_Tran01AnimTrails","유형 폴더: Translucent_Wave","애니메이션 알림 BP; Niagara 호출용","아른거리는 검흔"
"근접/Slash","무기 Trail 연동","반투명","Blueprint","TrailPack","/Game/TrailPack/Particles/Niagara/Translucent_Wave","BP_Tran02AnimTrails","유형 폴더: Translucent_Wave","애니메이션 알림 BP; Niagara 호출용","희미한 검흔"
"근접/Slash","무기 Trail 연동","부식","Blueprint","TrailPack","/Game/TrailPack/Particles/Niagara/Corrosion","BP_CorrosionAnimTrails","유형 폴더: Corrosion","애니메이션 알림 BP; Niagara 호출용","침식의 검흔"
"근접/Slash","무기 Trail 연동","불사조","Blueprint","TrailPack","/Game/TrailPack/Particles/Niagara/Phoenix","BP_PhoenixAnimTrails","유형 폴더: Phoenix","애니메이션 알림 BP; Niagara 호출용","불사조의 검흔"
"근접/Slash","무기 Trail 연동","속도","Blueprint","TrailPack","/Game/TrailPack/Particles/Niagara/Speed","BP_SpeedAnimTrails","유형 폴더: Speed","애니메이션 알림 BP; Niagara 호출용","질풍의 검흔"
"근접/Slash","무기 Trail 연동","암흑","Blueprint","TrailPack","/Game/TrailPack/Particles/Niagara/Dark","BP_DarkAnimTrails","유형 폴더: Dark","애니메이션 알림 BP; Niagara 호출용","어둠의 검흔"
"근접/Slash","무기 Trail 연동","영혼","Blueprint","TrailPack","/Game/TrailPack/Particles/Niagara/Soul","BP_SoulAnimTrails","유형 폴더: Soul","애니메이션 알림 BP; Niagara 호출용","영혼의 검흔"
"근접/Slash","무기 Trail 연동","원소 혼합","Blueprint","TrailPack","/Game/TrailPack/Particles/Niagara/Elemental","BP_ElementalAnimTrails","유형 폴더: Elemental","애니메이션 알림 BP; Niagara 호출용","원소의 검흔"
"근접/Slash","무기 Trail 연동","잉크","Blueprint","TrailPack","/Game/TrailPack/Particles/Niagara/Ink","BP_InkAnimTrails","유형 폴더: Ink","애니메이션 알림 BP; Niagara 호출용","먹빛 검흔"
"근접/Slash","무기 Trail 연동","파동","Blueprint","TrailPack","/Game/TrailPack/Particles/Niagara/Wave","BP_WaveAnimTrails","유형 폴더: Wave","애니메이션 알림 BP; Niagara 호출용","파동의 검흔"
"근접/Slash","무기 Trail 연동","Strong","Blueprint","TrailPack","/Game/TrailPack/Particles/Niagara/Strong","BP_StrongAnimTrails","유형 폴더: Strong","애니메이션 알림 BP; Niagara 호출용","강격의 검흔"
"근접/Slash","손/무기 부착 효과","암흑","ParticleSystem","TrailPack","/Game/TrailPack/Particles/Cascade/Dark/Hand_Spark","P_DarkSword","유형 폴더: Dark/Hand_Spark","","어둠의 검기"
"근접/Slash","손/무기 부착 효과","암흑","NiagaraSystem","TrailPack","/Game/TrailPack/Particles/Niagara/Dark/Hand","NS_DarkSword","유형 폴더: Dark/Hand","","어둠의 검기"
"근접/Slash","오라","기본","NiagaraSystem","SlashTrail_SoftTofu","/Game/SlashTrail_SoftTofu/Niagara/Basic","NS_AuraFX_Basic","이름: NS_AuraFX_Basic; 테마 폴더: Basic","","기운"
"근접/Slash","오라","라이트세이버","NiagaraSystem","SlashTrail_SoftTofu","/Game/SlashTrail_SoftTofu/Niagara/LightSaber","NS_AuraFX_Lightsaber","이름: NS_AuraFX_Lightsaber; 테마 폴더: LightSaber","","광휘 기운"
"근접/Slash","오라","매트릭스","NiagaraSystem","SlashTrail_SoftTofu","/Game/SlashTrail_SoftTofu/Niagara/Matrix","NS_AuraFX_Matrix","이름: NS_AuraFX_Matrix; 테마 폴더: Matrix","","문자 기운"
"근접/Slash","오라","모래","NiagaraSystem","SlashTrail_SoftTofu","/Game/SlashTrail_SoftTofu/Niagara/Sand","NS_AuraFX_Sand","이름: NS_AuraFX_Sand; 테마 폴더: Sand","","모래 기운"
"근접/Slash","오라","물","NiagaraSystem","SlashTrail_SoftTofu","/Game/SlashTrail_SoftTofu/Niagara/Water","NS_AuraFX_Water","이름: NS_AuraFX_Water; 테마 폴더: Water","","물결 기운"
"근접/Slash","오라","바람","NiagaraSystem","SlashTrail_SoftTofu","/Game/SlashTrail_SoftTofu/Niagara/Wind","NS_AuraFX_Wind","이름: NS_AuraFX_Wind; 테마 폴더: Wind","","바람 기운"
"근접/Slash","오라","번개","NiagaraSystem","SlashTrail_SoftTofu","/Game/SlashTrail_SoftTofu/Niagara/Lightning","NS_AuraFX_Lightning","이름: NS_AuraFX_Lightning; 테마 폴더: Lightning","","뇌전 기운"
"근접/Slash","오라","사이버","NiagaraSystem","SlashTrail_SoftTofu","/Game/SlashTrail_SoftTofu/Niagara/Cyberpunk","NS_AuraFX_CyberPunk","이름: NS_AuraFX_CyberPunk; 테마 폴더: Cyberpunk","","전광 기운"
"근접/Slash","오라","신비","NiagaraSystem","SlashTrail_SoftTofu","/Game/SlashTrail_SoftTofu/Niagara/Mystic","NS_AuraFX_Mystic","이름: NS_AuraFX_Mystic; 테마 폴더: Mystic","","신비 기운"
"근접/Slash","오라","암흑","NiagaraSystem","SlashTrail_SoftTofu","/Game/SlashTrail_SoftTofu/Niagara/Dark","NS_AuraFX_Dark","이름: NS_AuraFX_Dark; 테마 폴더: Dark","","어둠 기운"
"근접/Slash","오라","얼음","NiagaraSystem","SlashTrail_SoftTofu","/Game/SlashTrail_SoftTofu/Niagara/Ice","NS_AuraFX_Ice","이름: NS_AuraFX_Ice; 테마 폴더: Ice","","서리 기운"
"근접/Slash","오라","영혼","ParticleSystem","TrailPack","/Game/TrailPack/Particles/Cascade/Soul/Aura","P_SoulAura","유형 폴더: Soul/Aura","","영혼의 기운"
"근접/Slash","오라","영혼","NiagaraSystem","TrailPack","/Game/TrailPack/Particles/Niagara/Soul/Hit","NS_SoulAura","유형 폴더: Soul/Hit","확인 필요: 이름은 Aura, 폴더는 Hit","영혼의 기운"
"근접/Slash","오라","왜곡","NiagaraSystem","SlashTrail_SoftTofu","/Game/SlashTrail_SoftTofu/Niagara/Distortion_Only","NS_AuraFX_Distortion","이름: NS_AuraFX_Distortion; 테마 폴더: Distortion_Only","","왜곡 기운"
"근접/Slash","오라","음악","NiagaraSystem","SlashTrail_SoftTofu","/Game/SlashTrail_SoftTofu/Niagara/Music","NS_AuraFX_Music","이름: NS_AuraFX_Music; 테마 폴더: Music","","선율 기운"
"근접/Slash","오라","자연","NiagaraSystem","SlashTrail_SoftTofu","/Game/SlashTrail_SoftTofu/Niagara/Nature","NS_AuraFX_Nature","이름: NS_AuraFX_Nature; 테마 폴더: Nature","","숲 기운"
"근접/Slash","오라","화염","NiagaraSystem","SlashTrail_SoftTofu","/Game/SlashTrail_SoftTofu/Niagara/Fire","NS_AuraFX_Fire","이름: NS_AuraFX_Fire; 테마 폴더: Fire","","화염 기운"
"근접/Slash","오라","SF","NiagaraSystem","SlashTrail_SoftTofu","/Game/SlashTrail_SoftTofu/Niagara/Scifi","NS_AuraFX_Scifi","이름: NS_AuraFX_Scifi; 테마 폴더: Scifi","","광자 기운"
"근접/Slash","지면 공격","대지","ParticleSystem","RPGEffects","/Game/RPGEffects/Particles","P_Warrior_Earth_Slam","이름: P_Warrior_Earth_Slam","","대지 강타"
"근접/Slash","지면 공격","대지","ParticleSystem","RPGEffects","/Game/RPGEffects/Particles","P_Warrior_EarthCrack","이름: P_Warrior_EarthCrack","","대지의 균열"
"근접/Slash","지면 공격","대지","NiagaraSystem","RPGEffects","/Game/RPGEffects/ParticlesNiagara/Warrior/EarthCrack","NS_Warrior_EarthCrack","이름: NS_Warrior_EarthCrack","","대지의 균열"
"근접/Slash","지면 공격","대지","NiagaraSystem","RPGEffects","/Game/RPGEffects/ParticlesNiagara/Warrior/EarthSlam","NS_Warrior_EarthSlam","이름: NS_Warrior_EarthSlam","","대지 강타"
"근접/Slash","지면 Slash","미지정","NiagaraSystem","Hack_And_Slash_FX","/Game/Hack_And_Slash_FX/VFX_Niagara/Slashes","NS_Claws_Floor","이름: NS_Claws_Floor","","지면의 발톱 자국"
"근접/Slash","피격","기본","NiagaraSystem","SlashTrail_SoftTofu","/Game/SlashTrail_SoftTofu/Niagara/Basic","NS_Hit_Basic","이름: NS_Hit_Basic; 테마 폴더: Basic","","격돌"
"근접/Slash","피격","기본","NiagaraSystem","SlashTrail_SoftTofu","/Game/SlashTrail_SoftTofu/Niagara/Basic","NS_Hit_Basic_Once","이름: NS_Hit_Basic_Once; 테마 폴더: Basic","","순간의 격돌"
"근접/Slash","피격","라이트세이버","NiagaraSystem","SlashTrail_SoftTofu","/Game/SlashTrail_SoftTofu/Niagara/LightSaber","NS_Hit_LightSaber","이름: NS_Hit_LightSaber; 테마 폴더: LightSaber","","광휘 격돌"
"근접/Slash","피격","라이트세이버","NiagaraSystem","SlashTrail_SoftTofu","/Game/SlashTrail_SoftTofu/Niagara/LightSaber","NS_Hit_LightSaber_Once","이름: NS_Hit_LightSaber_Once; 테마 폴더: LightSaber","","순간의 광휘 격돌"
"근접/Slash","피격","마법","ParticleSystem","TrailPack","/Game/TrailPack/Particles/Cascade/Magic/Hit","P_MagicHitFinisher","유형 폴더: Magic/Hit","","마력의 종결타"
"근접/Slash","피격","마법","ParticleSystem","TrailPack","/Game/TrailPack/Particles/Cascade/Magic/Hit","P_MagicHitSoft","유형 폴더: Magic/Hit","","마력의 타격"
"근접/Slash","피격","매트릭스","NiagaraSystem","SlashTrail_SoftTofu","/Game/SlashTrail_SoftTofu/Niagara/Matrix","NS_Hit_Matrix","이름: NS_Hit_Matrix; 테마 폴더: Matrix","","문자 격돌"
"근접/Slash","피격","매트릭스","NiagaraSystem","SlashTrail_SoftTofu","/Game/SlashTrail_SoftTofu/Niagara/Matrix","NS_Hit_Matrix_Once","이름: NS_Hit_Matrix_Once; 테마 폴더: Matrix","","순간의 문자 격돌"
"근접/Slash","피격","모래","NiagaraSystem","SlashTrail_SoftTofu","/Game/SlashTrail_SoftTofu/Niagara/Sand","NS_Hit_Sand","이름: NS_Hit_Sand; 테마 폴더: Sand","","모래 격돌"
"근접/Slash","피격","모래","NiagaraSystem","SlashTrail_SoftTofu","/Game/SlashTrail_SoftTofu/Niagara/Sand","NS_Hit_Sand_Once","이름: NS_Hit_Sand_Once; 테마 폴더: Sand","","순간의 모래 격돌"
"근접/Slash","피격","물","NiagaraSystem","SlashTrail_SoftTofu","/Game/SlashTrail_SoftTofu/Niagara/Water","NS_Hit_water","이름: NS_Hit_water; 테마 폴더: Water","","물결 격돌"
"근접/Slash","피격","물","NiagaraSystem","SlashTrail_SoftTofu","/Game/SlashTrail_SoftTofu/Niagara/Water","NS_Hit_water_Once","이름: NS_Hit_water_Once; 테마 폴더: Water","","순간의 물결 격돌"
"근접/Slash","피격","미지정","NiagaraSystem","Hack_And_Slash_FX","/Game/Hack_And_Slash_FX/VFX_Niagara/Impacts","NS_Claws_Impact","이름: NS_Claws_Impact","","발톱의 격돌"
"근접/Slash","피격","미지정","ParticleSystem","RPGEffects","/Game/RPGEffects/Particles","P_Warrior_ChainHit","이름: P_Warrior_ChainHit","","연격의 충돌"
"근접/Slash","피격","미지정","ParticleSystem","RPGEffects","/Game/RPGEffects/Particles","P_Warrior_HeavyImpact","이름: P_Warrior_HeavyImpact","","강타의 충격"
"근접/Slash","피격","미지정","NiagaraSystem","RPGEffects","/Game/RPGEffects/ParticlesNiagara/Warrior/ChainHit","NS_Warrior_ChainHit","이름: NS_Warrior_ChainHit","","연격의 충돌"
"근접/Slash","피격","미지정","NiagaraSystem","RPGEffects","/Game/RPGEffects/ParticlesNiagara/Warrior/HeavyImpact","NS_Warrior_HeavyImpact","이름: NS_Warrior_HeavyImpact","","강타의 충격"
"근접/Slash","피격","바람","NiagaraSystem","SlashTrail_SoftTofu","/Game/SlashTrail_SoftTofu/Niagara/Wind","NS_Hit_Wind","이름: NS_Hit_Wind; 테마 폴더: Wind","","바람 격돌"
"근접/Slash","피격","바람","NiagaraSystem","SlashTrail_SoftTofu","/Game/SlashTrail_SoftTofu/Niagara/Wind","NS_Hit_Wind_Once","이름: NS_Hit_Wind_Once; 테마 폴더: Wind","","순간의 바람 격돌"
"근접/Slash","피격","번개","NiagaraSystem","Hack_And_Slash_FX","/Game/Hack_And_Slash_FX/VFX_Niagara/Impacts","NS_Lightning_Slash_Impact","이름: NS_Lightning_Slash_Impact","","뇌전 베기의 격돌"
"근접/Slash","피격","번개","NiagaraSystem","SlashTrail_SoftTofu","/Game/SlashTrail_SoftTofu/Niagara/Lightning","NS_Hit_Lightning","이름: NS_Hit_Lightning; 테마 폴더: Lightning","","뇌전 격돌"
"근접/Slash","피격","번개","NiagaraSystem","SlashTrail_SoftTofu","/Game/SlashTrail_SoftTofu/Niagara/Lightning","NS_Hit_Lightning_once","이름: NS_Hit_Lightning_once; 테마 폴더: Lightning","","순간의 뇌전 격돌"
"근접/Slash","피격","벚꽃","NiagaraSystem","Hack_And_Slash_FX","/Game/Hack_And_Slash_FX/VFX_Niagara/Impacts","NS_Sakura_Slash_Impact","이름: NS_Sakura_Slash_Impact","","벚꽃 베기의 격돌"
"근접/Slash","피격","사이버","NiagaraSystem","Hack_And_Slash_FX","/Game/Hack_And_Slash_FX/VFX_Niagara/Impacts","NS_Cyber_Slash_Impact","이름: NS_Cyber_Slash_Impact","","전광 베기의 격돌"
"근접/Slash","피격","사이버","NiagaraSystem","SlashTrail_SoftTofu","/Game/SlashTrail_SoftTofu/Niagara/Cyberpunk","NS_Hit_CyberPunk","이름: NS_Hit_CyberPunk; 테마 폴더: Cyberpunk","","전광 격돌"
"근접/Slash","피격","사이버","NiagaraSystem","SlashTrail_SoftTofu","/Game/SlashTrail_SoftTofu/Niagara/Cyberpunk","NS_Hit_CyberPunk_Once","이름: NS_Hit_CyberPunk_Once; 테마 폴더: Cyberpunk","","순간의 전광 격돌"
"근접/Slash","피격","속도","ParticleSystem","TrailPack","/Game/TrailPack/Particles/Cascade/Speed/Hit","P_SpeedHit","유형 폴더: Speed/Hit","","질풍 타격"
"근접/Slash","피격","속도","NiagaraSystem","TrailPack","/Game/TrailPack/Particles/Niagara/Speed/Hit","NS_SpeedHit","유형 폴더: Speed/Hit","","질풍 타격"
"근접/Slash","피격","신비","NiagaraSystem","SlashTrail_SoftTofu","/Game/SlashTrail_SoftTofu/Niagara/Mystic","NS_Hit_Mystic","이름: NS_Hit_Mystic; 테마 폴더: Mystic","","신비 격돌"
"근접/Slash","피격","신비","NiagaraSystem","SlashTrail_SoftTofu","/Game/SlashTrail_SoftTofu/Niagara/Mystic","NS_Hit_Mystic_Once","이름: NS_Hit_Mystic_Once; 테마 폴더: Mystic","","순간의 신비 격돌"
"근접/Slash","피격","신성","NiagaraSystem","Hack_And_Slash_FX","/Game/Hack_And_Slash_FX/VFX_Niagara/Impacts","NS_Holy_Slash_Impact","이름: NS_Holy_Slash_Impact","","성광 베기의 격돌"
"근접/Slash","피격","악마","NiagaraSystem","Hack_And_Slash_FX","/Game/Hack_And_Slash_FX/VFX_Niagara/Impacts","NS_Demon_Slash_Impact","이름: NS_Demon_Slash_Impact","","마성 베기의 격돌"
"근접/Slash","피격","암흑","NiagaraSystem","SlashTrail_SoftTofu","/Game/SlashTrail_SoftTofu/Niagara/Dark","NS_Hit_Dark","이름: NS_Hit_Dark; 테마 폴더: Dark","","어둠 격돌"
"근접/Slash","피격","암흑","NiagaraSystem","SlashTrail_SoftTofu","/Game/SlashTrail_SoftTofu/Niagara/Dark","NS_Hit_Dark_Once","이름: NS_Hit_Dark_Once; 테마 폴더: Dark","","순간의 어둠 격돌"
"근접/Slash","피격","얼음","NiagaraSystem","SlashTrail_SoftTofu","/Game/SlashTrail_SoftTofu/Niagara/Ice","NS_Hit_Ice","이름: NS_Hit_Ice; 테마 폴더: Ice","","서리 격돌"
"근접/Slash","피격","얼음","NiagaraSystem","SlashTrail_SoftTofu","/Game/SlashTrail_SoftTofu/Niagara/Ice","NS_Hit_Ice_Once","이름: NS_Hit_Ice_Once; 테마 폴더: Ice","","순간의 서리 격돌"
"근접/Slash","피격","왜곡","NiagaraSystem","SlashTrail_SoftTofu","/Game/SlashTrail_SoftTofu/Niagara/Distortion_Only","NS_Hit_Distortion","이름: NS_Hit_Distortion; 테마 폴더: Distortion_Only","","왜곡 격돌"
"근접/Slash","피격","왜곡","NiagaraSystem","SlashTrail_SoftTofu","/Game/SlashTrail_SoftTofu/Niagara/Distortion_Only","NS_Hit_Distortion_Once","이름: NS_Hit_Distortion_Once; 테마 폴더: Distortion_Only","","순간의 왜곡 격돌"
"근접/Slash","피격","음악","NiagaraSystem","SlashTrail_SoftTofu","/Game/SlashTrail_SoftTofu/Niagara/Music","NS_Hit_Music","이름: NS_Hit_Music; 테마 폴더: Music","","선율 격돌"
"근접/Slash","피격","음악","NiagaraSystem","SlashTrail_SoftTofu","/Game/SlashTrail_SoftTofu/Niagara/Music","NS_Hit_Music_Once","이름: NS_Hit_Music_Once; 테마 폴더: Music","","순간의 선율 격돌"
"근접/Slash","피격","자연","NiagaraSystem","Hack_And_Slash_FX","/Game/Hack_And_Slash_FX/VFX_Niagara/Impacts","NS_Nature_Slash_Impact","이름: NS_Nature_Slash_Impact","","자연 참격의 격돌"
"근접/Slash","피격","자연","NiagaraSystem","SlashTrail_SoftTofu","/Game/SlashTrail_SoftTofu/Niagara/Nature","NS_Hit_Nature","이름: NS_Hit_Nature; 테마 폴더: Nature","","숲 격돌"
"근접/Slash","피격","자연","NiagaraSystem","SlashTrail_SoftTofu","/Game/SlashTrail_SoftTofu/Niagara/Nature","NS_Hit_Nature_Once","이름: NS_Hit_Nature_Once; 테마 폴더: Nature","","순간의 숲 격돌"
"근접/Slash","피격","저주","NiagaraSystem","Hack_And_Slash_FX","/Game/Hack_And_Slash_FX/VFX_Niagara/Impacts","NS_Curse_Slash_Impact","이름: NS_Curse_Slash_Impact","","저주 베기의 격돌"
"근접/Slash","피격","화염","NiagaraSystem","Hack_And_Slash_FX","/Game/Hack_And_Slash_FX/VFX_Niagara/Impacts","NS_Fire_Slash_Impact","이름: NS_Fire_Slash_Impact","","화염 베기의 격돌"
"근접/Slash","피격","화염","NiagaraSystem","SlashTrail_SoftTofu","/Game/SlashTrail_SoftTofu/Niagara/Fire","NS_Hit_Fire","이름: NS_Hit_Fire; 테마 폴더: Fire","","화염 격돌"
"근접/Slash","피격","화염","NiagaraSystem","SlashTrail_SoftTofu","/Game/SlashTrail_SoftTofu/Niagara/Fire","NS_Hit_Fire_Once","이름: NS_Hit_Fire_Once; 테마 폴더: Fire","","순간의 화염 격돌"
"근접/Slash","피격","Prestige","NiagaraSystem","Hack_And_Slash_FX","/Game/Hack_And_Slash_FX/VFX_Niagara/Impacts","NS_Prestige_Slash_Impact","이름: NS_Prestige_Slash_Impact","","위엄 참격의 격돌"
"근접/Slash","피격","SF","NiagaraSystem","SlashTrail_SoftTofu","/Game/SlashTrail_SoftTofu/Niagara/Scifi","NS_Hit_Scifi","이름: NS_Hit_Scifi; 테마 폴더: Scifi","","광자 격돌"
"근접/Slash","피격","SF","NiagaraSystem","SlashTrail_SoftTofu","/Game/SlashTrail_SoftTofu/Niagara/Scifi","NS_Hit_Scifi_Once","이름: NS_Hit_Scifi_Once; 테마 폴더: Scifi","","순간의 광자 격돌"
"근접/Slash","회전 공격","미지정","ParticleSystem","RPGEffects","/Game/RPGEffects/Particles","P_Warrior_Spin","이름: P_Warrior_Spin","","회전 베기"
"근접/Slash","회전 공격","미지정","NiagaraSystem","RPGEffects","/Game/RPGEffects/ParticlesNiagara/Warrior/Spin","NS_Warrior_Spin","이름: NS_Warrior_Spin","","회전 베기"
"근접/Slash","Slash","미지정","NiagaraSystem","Hack_And_Slash_FX","/Game/Hack_And_Slash_FX/VFX_Niagara/Slashes","NS_Claws","이름: NS_Claws","","발톱 베기"
"근접/Slash","Slash","미지정","NiagaraSystem","Knife_light","/Game/Knife_light/VFX","NE_attack01","팩: Knife_light","확인 필요: 번호별 모양·속성; NE 접두지만 NiagaraSystem","베기"
"근접/Slash","Slash","미지정","NiagaraSystem","Knife_light","/Game/Knife_light/VFX","NE_attack02","팩: Knife_light","확인 필요: 번호별 모양·속성; NE 접두지만 NiagaraSystem","참격"
"근접/Slash","Slash","미지정","NiagaraSystem","Knife_light","/Game/Knife_light/VFX","NE_attack03","팩: Knife_light","확인 필요: 번호별 모양·속성; NE 접두지만 NiagaraSystem","일섬"
"근접/Slash","Slash","미지정","NiagaraSystem","Knife_light","/Game/Knife_light/VFX","NE_attack04","팩: Knife_light","확인 필요: 번호별 모양·속성; NE 접두지만 NiagaraSystem","칼날의 춤"
"근접/Slash","Slash","미지정","NiagaraSystem","Knife_light","/Game/Knife_light/VFX","NE_attack05","팩: Knife_light","확인 필요: 번호별 모양·속성; NE 접두지만 NiagaraSystem","검의 춤"
"근접/Slash","Slash","미지정","ParticleSystem","RPGEffects","/Game/RPGEffects/Particles","P_Warrior_Swipe","이름: P_Warrior_Swipe","패키지 파일명: P_Warrior_sWIPE; 표시 이름은 저장된 객체명","전사의 베기"
"근접/Slash","Slash","미지정","NiagaraSystem","RPGEffects","/Game/RPGEffects/ParticlesNiagara/Warrior/Swipe","NS_Warrior_Swipe","이름: NS_Warrior_Swipe","","전사의 베기"
"근접/Slash","Slash","번개","NiagaraSystem","Hack_And_Slash_FX","/Game/Hack_And_Slash_FX/VFX_Niagara/Slashes","NS_Lightning_Slash","이름: NS_Lightning_Slash","","뇌전 베기"
"근접/Slash","Slash","벚꽃","NiagaraSystem","Hack_And_Slash_FX","/Game/Hack_And_Slash_FX/VFX_Niagara/Slashes","NS_Sakura_Slash","이름: NS_Sakura_Slash","","벚꽃 베기"
"근접/Slash","Slash","사이버","NiagaraSystem","Hack_And_Slash_FX","/Game/Hack_And_Slash_FX/VFX_Niagara/Slashes","NS_Cyber_Slash","이름: NS_Cyber_Slash","","전광 베기"
"근접/Slash","Slash","신성","NiagaraSystem","Hack_And_Slash_FX","/Game/Hack_And_Slash_FX/VFX_Niagara/Slashes","NS_Holy_Slash","이름: NS_Holy_Slash","","성광 베기"
"근접/Slash","Slash","악마","NiagaraSystem","Hack_And_Slash_FX","/Game/Hack_And_Slash_FX/VFX_Niagara/Slashes","NS_Demon_Slash","이름: NS_Demon_Slash","","마성 베기"
"근접/Slash","Slash","자연","NiagaraSystem","Hack_And_Slash_FX","/Game/Hack_And_Slash_FX/VFX_Niagara/Slashes","NS_Nature_Slash","이름: NS_Nature_Slash","","자연의 참격"
"근접/Slash","Slash","저주","NiagaraSystem","Hack_And_Slash_FX","/Game/Hack_And_Slash_FX/VFX_Niagara/Slashes","NS_Curse_Slash","이름: NS_Curse_Slash","","저주 베기"
"근접/Slash","Slash","화염","NiagaraSystem","Hack_And_Slash_FX","/Game/Hack_And_Slash_FX/VFX_Niagara/Slashes","NS_Fire_Slash","이름: NS_Fire_Slash","","화염 베기"
"근접/Slash","Slash","Prestige","NiagaraSystem","Hack_And_Slash_FX","/Game/Hack_And_Slash_FX/VFX_Niagara/Slashes","NS_Prestige_Slash","이름: NS_Prestige_Slash","","위엄의 참격"
"근접/Slash","Slash 투사체","기본","Blueprint","SlashTrail_SoftTofu","/Game/SlashTrail_SoftTofu/Blueprint/Basic","BP_Slash_Projectile_Rotate_Basic","이름: BP_Slash_Projectile_Rotate_Basic; 테마 폴더: Basic","효과 BP; 시스템 본체와 별도 항목","회전하는 검파"
"근접/Slash","Slash 투사체","기본","Blueprint","SlashTrail_SoftTofu","/Game/SlashTrail_SoftTofu/Blueprint/Basic","BP_Slash_Projectile_Start_Basic","이름: BP_Slash_Projectile_Start_Basic; 테마 폴더: Basic","효과 BP; 시스템 본체와 별도 항목","검파의 발현"
"근접/Slash","Slash 투사체","라이트세이버","Blueprint","SlashTrail_SoftTofu","/Game/SlashTrail_SoftTofu/Blueprint/LightSaber","BP_Slash_Projectile_Rotate_LightSaber","이름: BP_Slash_Projectile_Rotate_LightSaber; 테마 폴더: LightSaber","효과 BP; 시스템 본체와 별도 항목","회전하는 광휘 검파"
"근접/Slash","Slash 투사체","라이트세이버","Blueprint","SlashTrail_SoftTofu","/Game/SlashTrail_SoftTofu/Blueprint/LightSaber","BP_Slash_Projectile_Start_LightSaber","이름: BP_Slash_Projectile_Start_LightSaber; 테마 폴더: LightSaber","효과 BP; 시스템 본체와 별도 항목","광휘 검파의 발현"
"근접/Slash","Slash 투사체","매트릭스","Blueprint","SlashTrail_SoftTofu","/Game/SlashTrail_SoftTofu/Blueprint/Matrix","BP_Slash_Projectile_Rotate_Matrix","이름: BP_Slash_Projectile_Rotate_Matrix; 테마 폴더: Matrix","효과 BP; 시스템 본체와 별도 항목","회전하는 문자 검파"
"근접/Slash","Slash 투사체","매트릭스","Blueprint","SlashTrail_SoftTofu","/Game/SlashTrail_SoftTofu/Blueprint/Matrix","BP_Slash_Projectile_Start_Matrix","이름: BP_Slash_Projectile_Start_Matrix; 테마 폴더: Matrix","효과 BP; 시스템 본체와 별도 항목","문자 검파의 발현"
"근접/Slash","Slash 투사체","모래","Blueprint","SlashTrail_SoftTofu","/Game/SlashTrail_SoftTofu/Blueprint/Sand","BP_Slash_Projectile_Rotate_Sand","이름: BP_Slash_Projectile_Rotate_Sand; 테마 폴더: Sand","효과 BP; 시스템 본체와 별도 항목","회전하는 모래 검파"
"근접/Slash","Slash 투사체","모래","Blueprint","SlashTrail_SoftTofu","/Game/SlashTrail_SoftTofu/Blueprint/Sand","BP_Slash_Projectile_Start_Sand","이름: BP_Slash_Projectile_Start_Sand; 테마 폴더: Sand","효과 BP; 시스템 본체와 별도 항목","모래 검파의 발현"
"근접/Slash","Slash 투사체","물","Blueprint","SlashTrail_SoftTofu","/Game/SlashTrail_SoftTofu/Blueprint/water","BP_Slash_Projectile_Rotate_Water","이름: BP_Slash_Projectile_Rotate_Water; 테마 폴더: water","효과 BP; 시스템 본체와 별도 항목","회전하는 물결 검파"
"근접/Slash","Slash 투사체","물","Blueprint","SlashTrail_SoftTofu","/Game/SlashTrail_SoftTofu/Blueprint/water","BP_Slash_Projectile_Start_Water","이름: BP_Slash_Projectile_Start_Water; 테마 폴더: water","효과 BP; 시스템 본체와 별도 항목","물결 검파의 발현"
"근접/Slash","Slash 투사체","미지정","Blueprint","SlashTrail_SoftTofu","/Game/SlashTrail_SoftTofu/Blueprint","BP_Slash_Projectile_Rotate","이름: BP_Slash_Projectile_Rotate; 테마 폴더: Blueprint","효과 BP; 시스템 본체와 별도 항목; 기반 BP; 구체 효과 설정 확인 필요","회전하는 검파"
"근접/Slash","Slash 투사체","바람","Blueprint","SlashTrail_SoftTofu","/Game/SlashTrail_SoftTofu/Blueprint/Wind","BP_Slash_Projectile_Rotate_Wind","이름: BP_Slash_Projectile_Rotate_Wind; 테마 폴더: Wind","효과 BP; 시스템 본체와 별도 항목","회전하는 바람 검파"
"근접/Slash","Slash 투사체","바람","Blueprint","SlashTrail_SoftTofu","/Game/SlashTrail_SoftTofu/Blueprint/Wind","BP_Slash_Projectile_Start_Wind","이름: BP_Slash_Projectile_Start_Wind; 테마 폴더: Wind","효과 BP; 시스템 본체와 별도 항목","바람 검파의 발현"
"근접/Slash","Slash 투사체","번개","Blueprint","SlashTrail_SoftTofu","/Game/SlashTrail_SoftTofu/Blueprint/Lightning","BP_Slash_Projectile_Rotate_Lightning","이름: BP_Slash_Projectile_Rotate_Lightning; 테마 폴더: Lightning","효과 BP; 시스템 본체와 별도 항목","회전하는 뇌전 검파"
"근접/Slash","Slash 투사체","번개","Blueprint","SlashTrail_SoftTofu","/Game/SlashTrail_SoftTofu/Blueprint/Lightning","BP_Slash_Projectile_Start_Lightning","이름: BP_Slash_Projectile_Start_Lightning; 테마 폴더: Lightning","효과 BP; 시스템 본체와 별도 항목","뇌전 검파의 발현"
"근접/Slash","Slash 투사체","사이버","Blueprint","SlashTrail_SoftTofu","/Game/SlashTrail_SoftTofu/Blueprint/CyberPunk","BP_Slash_Projectile_Rotate_CyberPunk","이름: BP_Slash_Projectile_Rotate_CyberPunk; 테마 폴더: CyberPunk","효과 BP; 시스템 본체와 별도 항목","회전하는 전광 검파"
"근접/Slash","Slash 투사체","사이버","Blueprint","SlashTrail_SoftTofu","/Game/SlashTrail_SoftTofu/Blueprint/CyberPunk","BP_Slash_Projectile_Start_Cyberpunk","이름: BP_Slash_Projectile_Start_Cyberpunk; 테마 폴더: CyberPunk","효과 BP; 시스템 본체와 별도 항목","전광 검파의 발현"
"근접/Slash","Slash 투사체","신비","Blueprint","SlashTrail_SoftTofu","/Game/SlashTrail_SoftTofu/Blueprint/Mystic","BP_Slash_Projectile_Rotate_Mystic","이름: BP_Slash_Projectile_Rotate_Mystic; 테마 폴더: Mystic","효과 BP; 시스템 본체와 별도 항목","회전하는 신비 검파"
"근접/Slash","Slash 투사체","신비","Blueprint","SlashTrail_SoftTofu","/Game/SlashTrail_SoftTofu/Blueprint/Mystic","BP_Slash_Projectile_Start_Mystic","이름: BP_Slash_Projectile_Start_Mystic; 테마 폴더: Mystic","효과 BP; 시스템 본체와 별도 항목","신비 검파의 발현"
"근접/Slash","Slash 투사체","암흑","Blueprint","SlashTrail_SoftTofu","/Game/SlashTrail_SoftTofu/Blueprint/Dark","BP_Slash_Projectile_Rotate_Dark","이름: BP_Slash_Projectile_Rotate_Dark; 테마 폴더: Dark","효과 BP; 시스템 본체와 별도 항목","회전하는 어둠 검파"
"근접/Slash","Slash 투사체","암흑","Blueprint","SlashTrail_SoftTofu","/Game/SlashTrail_SoftTofu/Blueprint/Dark","BP_Slash_Projectile_Start_Dark","이름: BP_Slash_Projectile_Start_Dark; 테마 폴더: Dark","효과 BP; 시스템 본체와 별도 항목","어둠 검파의 발현"
"근접/Slash","Slash 투사체","얼음","Blueprint","SlashTrail_SoftTofu","/Game/SlashTrail_SoftTofu/Blueprint/Ice","BP_Slash_Projectile_Rotate_Ice","이름: BP_Slash_Projectile_Rotate_Ice; 테마 폴더: Ice","효과 BP; 시스템 본체와 별도 항목","회전하는 서리 검파"
"근접/Slash","Slash 투사체","얼음","Blueprint","SlashTrail_SoftTofu","/Game/SlashTrail_SoftTofu/Blueprint/Ice","BP_Slash_Projectile_Start_Ice","이름: BP_Slash_Projectile_Start_Ice; 테마 폴더: Ice","효과 BP; 시스템 본체와 별도 항목","서리 검파의 발현"
"근접/Slash","Slash 투사체","왜곡","Blueprint","SlashTrail_SoftTofu","/Game/SlashTrail_SoftTofu/Blueprint/Distortion","BP_Slash_Projectile_Rotate_Distortion","이름: BP_Slash_Projectile_Rotate_Distortion; 테마 폴더: Distortion","효과 BP; 시스템 본체와 별도 항목","회전하는 왜곡 검파"
"근접/Slash","Slash 투사체","왜곡","Blueprint","SlashTrail_SoftTofu","/Game/SlashTrail_SoftTofu/Blueprint/Distortion","BP_Slash_Projectile_Start_Distortion","이름: BP_Slash_Projectile_Start_Distortion; 테마 폴더: Distortion","효과 BP; 시스템 본체와 별도 항목","왜곡 검파의 발현"
"근접/Slash","Slash 투사체","음악","Blueprint","SlashTrail_SoftTofu","/Game/SlashTrail_SoftTofu/Blueprint/Music","BP_Slash_Projectile_Rotate_Music","이름: BP_Slash_Projectile_Rotate_Music; 테마 폴더: Music","효과 BP; 시스템 본체와 별도 항목","회전하는 선율 검파"
"근접/Slash","Slash 투사체","음악","Blueprint","SlashTrail_SoftTofu","/Game/SlashTrail_SoftTofu/Blueprint/Music","BP_Slash_Projectile_Start_Music","이름: BP_Slash_Projectile_Start_Music; 테마 폴더: Music","효과 BP; 시스템 본체와 별도 항목","선율 검파의 발현"
"근접/Slash","Slash 투사체","자연","Blueprint","SlashTrail_SoftTofu","/Game/SlashTrail_SoftTofu/Blueprint/Nature","BP_Slash_Projectile_Rotate_Nature","이름: BP_Slash_Projectile_Rotate_Nature; 테마 폴더: Nature","효과 BP; 시스템 본체와 별도 항목","회전하는 숲 검파"
"근접/Slash","Slash 투사체","자연","Blueprint","SlashTrail_SoftTofu","/Game/SlashTrail_SoftTofu/Blueprint/Nature","BP_Slash_Projectile_Start_Nature","이름: BP_Slash_Projectile_Start_Nature; 테마 폴더: Nature","효과 BP; 시스템 본체와 별도 항목","숲 검파의 발현"
"근접/Slash","Slash 투사체","화염","Blueprint","SlashTrail_SoftTofu","/Game/SlashTrail_SoftTofu/Blueprint/fire","BP_Slash_Projectile_Start_Fire","이름: BP_Slash_Projectile_Start_Fire; 테마 폴더: fire","효과 BP; 시스템 본체와 별도 항목","화염 검파의 발현"
"근접/Slash","Slash 투사체","SF","Blueprint","SlashTrail_SoftTofu","/Game/SlashTrail_SoftTofu/Blueprint/Scifi","BP_Slash_Projectile_Rotate_Scifi","이름: BP_Slash_Projectile_Rotate_Scifi; 테마 폴더: Scifi","효과 BP; 시스템 본체와 별도 항목","회전하는 광자 검파"
"근접/Slash","Slash 투사체","SF","Blueprint","SlashTrail_SoftTofu","/Game/SlashTrail_SoftTofu/Blueprint/Scifi","BP_Slash_Projectile_Start_Scifi","이름: BP_Slash_Projectile_Start_Scifi; 테마 폴더: Scifi","효과 BP; 시스템 본체와 별도 항목","광자 검파의 발현"
"근접/Slash","Slash Trail","기본","NiagaraSystem","SlashTrail_SoftTofu","/Game/SlashTrail_SoftTofu/Niagara/Basic","NS_SlashTrail_Basic","이름: NS_SlashTrail_Basic; 테마 폴더: Basic","","검흔"
"근접/Slash","Slash Trail","기본","NiagaraSystem","SlashTrail_SoftTofu","/Game/SlashTrail_SoftTofu/Niagara/Basic","NS_SlashTrail_Basic_Loop","이름: NS_SlashTrail_Basic_Loop; 테마 폴더: Basic","","이어지는 검흔"
"근접/Slash","Slash Trail","라이트세이버","NiagaraSystem","SlashTrail_SoftTofu","/Game/SlashTrail_SoftTofu/Niagara/LightSaber","NS_SlashTrail_LightSaber","이름: NS_SlashTrail_LightSaber; 테마 폴더: LightSaber","","광휘 검흔"
"근접/Slash","Slash Trail","라이트세이버","NiagaraSystem","SlashTrail_SoftTofu","/Game/SlashTrail_SoftTofu/Niagara/LightSaber","NS_SlashTrail_LightSaber_Loop","이름: NS_SlashTrail_LightSaber_Loop; 테마 폴더: LightSaber","","이어지는 광휘 검흔"
"근접/Slash","Slash Trail","매트릭스","NiagaraSystem","SlashTrail_SoftTofu","/Game/SlashTrail_SoftTofu/Niagara/Matrix","NS_SlashTrail_Matrix","이름: NS_SlashTrail_Matrix; 테마 폴더: Matrix","","문자 검흔"
"근접/Slash","Slash Trail","매트릭스","NiagaraSystem","SlashTrail_SoftTofu","/Game/SlashTrail_SoftTofu/Niagara/Matrix","NS_SlashTrail_Matrix_Loop","이름: NS_SlashTrail_Matrix_Loop; 테마 폴더: Matrix","","이어지는 문자 검흔"
"근접/Slash","Slash Trail","모래","NiagaraSystem","SlashTrail_SoftTofu","/Game/SlashTrail_SoftTofu/Niagara/Sand","NS_SlashTrail_Sand_","이름: NS_SlashTrail_Sand_; 테마 폴더: Sand","","모래 검흔"
"근접/Slash","Slash Trail","모래","NiagaraSystem","SlashTrail_SoftTofu","/Game/SlashTrail_SoftTofu/Niagara/Sand","NS_SlashTrail_Sand_Loop","이름: NS_SlashTrail_Sand_Loop; 테마 폴더: Sand","","이어지는 모래 검흔"
"근접/Slash","Slash Trail","물","NiagaraSystem","SlashTrail_SoftTofu","/Game/SlashTrail_SoftTofu/Niagara/Water","NS_SlashTrail_Water","이름: NS_SlashTrail_Water; 테마 폴더: Water","","물결 검흔"
"근접/Slash","Slash Trail","물","NiagaraSystem","SlashTrail_SoftTofu","/Game/SlashTrail_SoftTofu/Niagara/Water","NS_SlashTrail_Water_Loop","이름: NS_SlashTrail_Water_Loop; 테마 폴더: Water","","이어지는 물결 검흔"
"근접/Slash","Slash Trail","바람","NiagaraSystem","SlashTrail_SoftTofu","/Game/SlashTrail_SoftTofu/Niagara/Wind","NS_SlashTrail_Wind","이름: NS_SlashTrail_Wind; 테마 폴더: Wind","","바람 검흔"
"근접/Slash","Slash Trail","바람","NiagaraSystem","SlashTrail_SoftTofu","/Game/SlashTrail_SoftTofu/Niagara/Wind","NS_SlashTrail_WindNS_SlashTrail_Water_Loop","이름: NS_SlashTrail_WindNS_SlashTrail_Water_Loop; 테마 폴더: Wind","원본 이름에 Wind/Water 혼재; Wind 폴더 기준","이어지는 바람 검흔"
"근접/Slash","Slash Trail","번개","NiagaraSystem","SlashTrail_SoftTofu","/Game/SlashTrail_SoftTofu/Niagara/Lightning","NS_SlashTrail_Lightning","이름: NS_SlashTrail_Lightning; 테마 폴더: Lightning","","뇌전 검흔"
"근접/Slash","Slash Trail","번개","NiagaraSystem","SlashTrail_SoftTofu","/Game/SlashTrail_SoftTofu/Niagara/Lightning","NS_SlashTrail_Lightning_Loop","이름: NS_SlashTrail_Lightning_Loop; 테마 폴더: Lightning","","이어지는 뇌전 검흔"
"근접/Slash","Slash Trail","사이버","NiagaraSystem","SlashTrail_SoftTofu","/Game/SlashTrail_SoftTofu/Niagara/Cyberpunk","NS_SlashTrail_CyberPunk","이름: NS_SlashTrail_CyberPunk; 테마 폴더: Cyberpunk","","전광 검흔"
"근접/Slash","Slash Trail","사이버","NiagaraSystem","SlashTrail_SoftTofu","/Game/SlashTrail_SoftTofu/Niagara/Cyberpunk","NS_SlashTrail_CyberPunk_Loop","이름: NS_SlashTrail_CyberPunk_Loop; 테마 폴더: Cyberpunk","","이어지는 전광 검흔"
"근접/Slash","Slash Trail","신비","NiagaraSystem","SlashTrail_SoftTofu","/Game/SlashTrail_SoftTofu/Niagara/Mystic","NS_SlashTrail_Mystic","이름: NS_SlashTrail_Mystic; 테마 폴더: Mystic","","신비 검흔"
"근접/Slash","Slash Trail","신비","NiagaraSystem","SlashTrail_SoftTofu","/Game/SlashTrail_SoftTofu/Niagara/Mystic","NS_SlashTrail_Mystic_Loop","이름: NS_SlashTrail_Mystic_Loop; 테마 폴더: Mystic","","이어지는 신비 검흔"
"근접/Slash","Slash Trail","암흑","NiagaraSystem","SlashTrail_SoftTofu","/Game/SlashTrail_SoftTofu/Niagara/Dark","NS_SlashTrail_Dark","이름: NS_SlashTrail_Dark; 테마 폴더: Dark","","어둠 검흔"
"근접/Slash","Slash Trail","암흑","NiagaraSystem","SlashTrail_SoftTofu","/Game/SlashTrail_SoftTofu/Niagara/Dark","NS_SlashTrail_Dark_Loop","이름: NS_SlashTrail_Dark_Loop; 테마 폴더: Dark","","이어지는 어둠 검흔"
"근접/Slash","Slash Trail","얼음","NiagaraSystem","SlashTrail_SoftTofu","/Game/SlashTrail_SoftTofu/Niagara/Ice","NS_SlashTrail_Ice","이름: NS_SlashTrail_Ice; 테마 폴더: Ice","","서리 검흔"
"근접/Slash","Slash Trail","얼음","NiagaraSystem","SlashTrail_SoftTofu","/Game/SlashTrail_SoftTofu/Niagara/Ice","NS_SlashTrail_Ice_Loop","이름: NS_SlashTrail_Ice_Loop; 테마 폴더: Ice","","이어지는 서리 검흔"
"근접/Slash","Slash Trail","왜곡","NiagaraSystem","SlashTrail_SoftTofu","/Game/SlashTrail_SoftTofu/Niagara/Distortion_Only","NS_SlashTrail_Distortion_Only","이름: NS_SlashTrail_Distortion_Only; 테마 폴더: Distortion_Only","","왜곡 검흔"
"근접/Slash","Slash Trail","왜곡","NiagaraSystem","SlashTrail_SoftTofu","/Game/SlashTrail_SoftTofu/Niagara/Distortion_Only","NS_SlashTrail_Distortion_Only_Loop","이름: NS_SlashTrail_Distortion_Only_Loop; 테마 폴더: Distortion_Only","","이어지는 왜곡 검흔"
"근접/Slash","Slash Trail","음악","NiagaraSystem","SlashTrail_SoftTofu","/Game/SlashTrail_SoftTofu/Niagara/Music","NS_SlashTrail_Music","이름: NS_SlashTrail_Music; 테마 폴더: Music","","선율 검흔"
"근접/Slash","Slash Trail","음악","NiagaraSystem","SlashTrail_SoftTofu","/Game/SlashTrail_SoftTofu/Niagara/Music","NS_SlashTrail_Music_Loop","이름: NS_SlashTrail_Music_Loop; 테마 폴더: Music","","이어지는 선율 검흔"
"근접/Slash","Slash Trail","자연","NiagaraSystem","SlashTrail_SoftTofu","/Game/SlashTrail_SoftTofu/Niagara/Nature","NS_SlashTrail_Nature","이름: NS_SlashTrail_Nature; 테마 폴더: Nature","","숲 검흔"
"근접/Slash","Slash Trail","자연","NiagaraSystem","SlashTrail_SoftTofu","/Game/SlashTrail_SoftTofu/Niagara/Nature","NS_SlashTrail_Nature_Loop","이름: NS_SlashTrail_Nature_Loop; 테마 폴더: Nature","","이어지는 숲 검흔"
"근접/Slash","Slash Trail","화염","NiagaraSystem","SlashTrail_SoftTofu","/Game/SlashTrail_SoftTofu/Niagara/Fire","NS_SlashTrail_Fire","이름: NS_SlashTrail_Fire; 테마 폴더: Fire","","화염 검흔"
"근접/Slash","Slash Trail","화염","NiagaraSystem","SlashTrail_SoftTofu","/Game/SlashTrail_SoftTofu/Niagara/Fire","NS_SlashTrail_Fire_Loop","이름: NS_SlashTrail_Fire_Loop; 테마 폴더: Fire","","이어지는 화염 검흔"
"근접/Slash","Slash Trail","SF","NiagaraSystem","SlashTrail_SoftTofu","/Game/SlashTrail_SoftTofu/Niagara/Scifi","NS_SlashTrail_Scifi","이름: NS_SlashTrail_Scifi; 테마 폴더: Scifi","","광자 검흔"
"근접/Slash","Slash Trail","SF","NiagaraSystem","SlashTrail_SoftTofu","/Game/SlashTrail_SoftTofu/Niagara/Scifi","NS_SlashTrail_Scifi_Loop","이름: NS_SlashTrail_Scifi_Loop; 테마 폴더: Scifi","","이어지는 광자 검흔"
"근접/Slash","Trail 보조 입자","마법","ParticleSystem","TrailPack","/Game/TrailPack/Particles/Cascade/Magic/Trail_Sparks","P_Magic_SparksSoft","유형 폴더: Magic/Trail_Sparks","","은은한 마력 파편"
"근접/Slash","Trail 보조 입자","마법","ParticleSystem","TrailPack","/Game/TrailPack/Particles/Cascade/Magic/Trail_Sparks","P_Magic_SparksStrong","유형 폴더: Magic/Trail_Sparks","","선명한 마력 파편"
"근접/Slash","Trail 보조 입자","마법","NiagaraSystem","TrailPack","/Game/TrailPack/Particles/Niagara/Magic/Spark","NS_Magic_SparksSoft","유형 폴더: Magic/Spark","","은은한 마력 파편"
"근접/Slash","Trail 보조 입자","마법","NiagaraSystem","TrailPack","/Game/TrailPack/Particles/Niagara/Magic/Spark","NS_Magic_SparksStrong","유형 폴더: Magic/Spark","","선명한 마력 파편"
"근접/Slash","Trail 보조 입자","부식","ParticleSystem","TrailPack","/Game/TrailPack/Particles/Cascade/Corrosion/SwordTrail","P_Corrosion_Smoke","유형 폴더: Corrosion/SwordTrail","연기 보조 효과; 실제 형태 확인 필요","침식의 연무"
"근접/Slash","Trail 보조 입자","부식","NiagaraSystem","TrailPack","/Game/TrailPack/Particles/Niagara/Corrosion/Spark","NS_Corrosion_Smoke","유형 폴더: Corrosion/Spark","연기 보조 효과; 실제 형태 확인 필요","침식의 연무"
"근접/Slash","Trail 보조 입자","불사조","ParticleSystem","TrailPack","/Game/TrailPack/Particles/Cascade/Phoenix/Spark","P_PhoenixSparks","유형 폴더: Phoenix/Spark","","불사조의 깃불"
"근접/Slash","Trail 보조 입자","불사조","NiagaraSystem","TrailPack","/Game/TrailPack/Particles/Niagara/Phoenix/Spark","NS_PhoenixSparks","유형 폴더: Phoenix/Spark","","불사조의 깃불"
"근접/Slash","Trail 보조 입자","속도","ParticleSystem","TrailPack","/Game/TrailPack/Particles/Cascade/Speed/Trail_Sparks","P_SpeedDust","유형 폴더: Speed/Trail_Sparks","","질주의 먼지"
"근접/Slash","Trail 보조 입자","속도","NiagaraSystem","TrailPack","/Game/TrailPack/Particles/Niagara/Speed/Spark","NS_SpeedSpark","유형 폴더: Speed/Spark","","질주의 불티"
"근접/Slash","Trail 보조 입자","암흑","ParticleSystem","TrailPack","/Game/TrailPack/Particles/Cascade/Dark/Trail_Sparks","P_DarkSpark_Up","유형 폴더: Dark/Trail_Sparks","","피어나는 어둠"
"근접/Slash","Trail 보조 입자","암흑","ParticleSystem","TrailPack","/Game/TrailPack/Particles/Cascade/Dark/Trail_Sparks","P_DarkSparkSide","유형 폴더: Dark/Trail_Sparks","","번지는 어둠"
"근접/Slash","Trail 보조 입자","암흑","NiagaraSystem","TrailPack","/Game/TrailPack/Particles/Niagara/Dark/Spark","NS_DarkSpark_Up","유형 폴더: Dark/Spark","","피어나는 어둠"
"근접/Slash","Trail 보조 입자","영혼","ParticleSystem","TrailPack","/Game/TrailPack/Particles/Cascade/Soul/Trail_Sparks","P_SoulSparkHand","유형 폴더: Soul/Trail_Sparks","","손끝의 영혼불"
"근접/Slash","Trail 보조 입자","영혼","ParticleSystem","TrailPack","/Game/TrailPack/Particles/Cascade/Soul/Trail_Sparks","P_SoulSparkSword","유형 폴더: Soul/Trail_Sparks","","칼날의 영혼불"
"근접/Slash","Trail 보조 입자","영혼","ParticleSystem","TrailPack","/Game/TrailPack/Particles/Cascade/Soul/Trail_Sparks","P_SoulSparkTrail","유형 폴더: Soul/Trail_Sparks","","영혼불의 여운"
"근접/Slash","Trail 보조 입자","영혼","NiagaraSystem","TrailPack","/Game/TrailPack/Particles/Niagara/Soul/Spark","NS_SoulSpark","유형 폴더: Soul/Spark","","영혼의 파편"
"근접/Slash","Trail 보조 입자","원소 혼합","ParticleSystem","TrailPack","/Game/TrailPack/Particles/Cascade/Elemental/Trail_Sparks","P_ElementalSpark","유형 폴더: Elemental/Trail_Sparks","","원소의 파편"
"근접/Slash","Trail 보조 입자","파동","ParticleSystem","TrailPack","/Game/TrailPack/Particles/Cascade/Wave/Sparks","P_WaveCores","유형 폴더: Wave/Sparks","","파동의 핵"
"근접/Slash","Trail 보조 입자","파동","NiagaraSystem","TrailPack","/Game/TrailPack/Particles/Niagara/Wave/Spark","NS_WaveSpark","유형 폴더: Wave/Spark","","파동의 파편"
"근접/Slash","Trail 보조 입자","Strong","ParticleSystem","TrailPack","/Game/TrailPack/Particles/Cascade/Strong/Trail_Sparks","P_Strong_Trailin","유형 폴더: Strong/Trail_Sparks","","강격의 여운"
"근접/Slash","Trail 보조 입자","Strong","NiagaraSystem","TrailPack","/Game/TrailPack/Particles/Niagara/Strong/Spark","NS_Strong_Spark","유형 폴더: Strong/Spark","","강격의 불티"
"마법","구체","마법","ParticleSystem","RPGEffects","/Game/RPGEffects/Particles","P_Mage_MagicSphere","이름: P_Mage_MagicSphere","확인 필요: 투사체·방어·범위 역할","마력 구체"
"마법","구체","마법","NiagaraSystem","RPGEffects","/Game/RPGEffects/ParticlesNiagara/Mage/MagicSphere","NS_Mage_MagicSphere","이름: NS_Mage_MagicSphere","확인 필요: 투사체·방어·범위 역할","마력 구체"
"마법","구체","미지정","ParticleSystem","RPGEffects","/Game/RPGEffects/Particles","P_Priest_Sphere","이름: P_Priest_Sphere","확인 필요: 투사체·방어·범위 역할","기도의 구체"
"마법","구체","미지정","NiagaraSystem","RPGEffects","/Game/RPGEffects/ParticlesNiagara/Priest/Sphere","NS_Priest_Sphere","이름: NS_Priest_Sphere","확인 필요: 투사체·방어·범위 역할","기도의 구체"
"마법","낙뢰","번개","Blueprint","FXVarietyPack","/Game/FXVarietyPack/Blueprints","BP_ky_lightning1","이름: BP_ky_lightning1","효과 BP; 시스템 본체와 별도 항목","벼락"
"마법","낙뢰","번개","Blueprint","FXVarietyPack","/Game/FXVarietyPack/Blueprints","BP_ky_lightning2","이름: BP_ky_lightning2","효과 BP; 시스템 본체와 별도 항목","뇌격"
"마법","낙뢰","번개","Blueprint","FXVarietyPack","/Game/FXVarietyPack/Blueprints","BP_ky_lightning3","이름: BP_ky_lightning3","효과 BP; 시스템 본체와 별도 항목","낙뢰"
"마법","낙뢰","번개","ParticleSystem","FXVarietyPack","/Game/FXVarietyPack/Particles","P_ky_lightning1","이름: P_ky_lightning1","","벼락"
"마법","낙뢰","번개","ParticleSystem","FXVarietyPack","/Game/FXVarietyPack/Particles","P_ky_lightning2","이름: P_ky_lightning2","","뇌격"
"마법","낙뢰","번개","ParticleSystem","FXVarietyPack","/Game/FXVarietyPack/Particles","P_ky_lightning3","이름: P_ky_lightning3","","낙뢰"
"마법","낙뢰","번개","ParticleSystem","Luos8Elements","/Game/Luos8Elements/Particles/Lightning","Par_4E_LightningStrike_01","이름: Par_4E_LightningStrike_01","","뇌전의 낙하"
"마법","낙뢰","번개","NiagaraSystem","Mixed_Magic_VFX_Pack","/Game/Mixed_Magic_VFX_Pack/VFX","NS_Lightning_Strike","이름: NS_Lightning_Strike","","뇌전 강림"
"마법","낙뢰","번개","ParticleSystem","RPGEffects","/Game/RPGEffects/Particles","P_Mage_Lightning_Bolt","이름: P_Mage_Lightning_Bolt","","번개 일격"
"마법","낙뢰","번개","NiagaraSystem","RPGEffects","/Game/RPGEffects/ParticlesNiagara/Mage/LightningBolt","NS_Mage_LIghtning_Bolt","이름: NS_Mage_LIghtning_Bolt","","번개 일격"
"마법","낙뢰/방전","번개","NiagaraSystem","Vefects","/Game/Vefects/Zap_VFX/VFX/Zap/Particles","NS_Zap_01_Red","이름: NS_Zap_01_Red","확인 필요: 방전 모양; 색상은 원소 분류에서 제외","붉은 뇌전"
"마법","낙뢰/방전","번개","NiagaraSystem","Vefects","/Game/Vefects/Zap_VFX/VFX/Zap/Particles","NS_Zap_02_Blue","이름: NS_Zap_02_Blue","확인 필요: 방전 모양; 색상은 원소 분류에서 제외","푸른 뇌전"
"마법","낙뢰/방전","번개","NiagaraSystem","Vefects","/Game/Vefects/Zap_VFX/VFX/Zap/Particles","NS_Zap_03_Yellow","이름: NS_Zap_03_Yellow","확인 필요: 방전 모양; 색상은 원소 분류에서 제외","노란 뇌전"
"마법","낙뢰/방전","번개","NiagaraSystem","Vefects","/Game/Vefects/Zap_VFX/VFX/Zap/Particles","NS_Zap_04_Green","이름: NS_Zap_04_Green","확인 필요: 방전 모양; 색상은 원소 분류에서 제외","초록 뇌전"
"마법","낙뢰/방전","번개","NiagaraSystem","Vefects","/Game/Vefects/Zap_VFX/VFX/Zap/Particles","NS_Zap_05_Purple","이름: NS_Zap_05_Purple","확인 필요: 방전 모양; 색상은 원소 분류에서 제외","보랏빛 뇌전"
"마법","낙뢰/방전","번개","NiagaraSystem","Vefects","/Game/Vefects/Zap_VFX/VFX/Zap/Particles","NS_Zap_06_White","이름: NS_Zap_06_White","확인 필요: 방전 모양; 색상은 원소 분류에서 제외","하얀 뇌전"
"마법","낙뢰/방전","번개","NiagaraSystem","Vefects","/Game/Vefects/Zap_VFX/VFX/Zap/Particles","NS_Zap_07_Black","이름: NS_Zap_07_Black","확인 필요: 방전 모양; 색상은 원소 분류에서 제외","검은 뇌전"
"마법","낙뢰/방전","번개","ParticleSystem","Vefects","/Game/Vefects/Zap_VFX/VFX/Zap/Particles","PS_Zap_01","이름: PS_Zap_01","확인 필요: 방전 모양; 색상은 원소 분류에서 제외","뇌전의 섬광"
"마법","낙뢰/방전","번개","ParticleSystem","Vefects","/Game/Vefects/Zap_VFX/VFX/Zap/Particles","PS_Zap_02","이름: PS_Zap_02","확인 필요: 방전 모양; 색상은 원소 분류에서 제외","뇌전의 잔광"
"마법","마법 공격","마법","NiagaraSystem","Free_Magic","/Game/Free_Magic/VFX_Niagara","NS_Free_Magic_Attack1","이름: NS_Free_Magic_Attack1","확인 필요: 세부 공격 형태","비술의 일격"
"마법","마법 공격","마법","NiagaraSystem","Free_Magic","/Game/Free_Magic/VFX_Niagara","NS_Free_Magic_Attack2","이름: NS_Free_Magic_Attack2","확인 필요: 세부 공격 형태","마력의 일격"
"마법","마법 Trail","암흑","ParticleSystem","Luos8Elements","/Game/Luos8Elements/Particles/Dark","Par_4E_DarkRibbon_01","이름: Par_4E_DarkRibbon_01","","어둠의 궤적"
"마법","마법 Trail","죽음","NiagaraSystem","MegaMagicVFXBundle","/Game/MegaMagicVFXBundle/VFX/MagicAuraVFX/VFX/TrailsOfDeath/Systems","N_TrailsOfDeath","이름: N_TrailsOfDeath","","죽음의 궤적"
"마법","마법진","마법","NiagaraSystem","Free_Magic","/Game/Free_Magic/VFX_Niagara","NS_Free_Magic_Circle1","이름: NS_Free_Magic_Circle1","","비술진"
"마법","마법진","마법","NiagaraSystem","Free_Magic","/Game/Free_Magic/VFX_Niagara","NS_Free_Magic_Circle2","이름: NS_Free_Magic_Circle2","","마력진"
"마법","마법진","마법","Blueprint","FXVarietyPack","/Game/FXVarietyPack/Blueprints","BP_ky_magicCircle1","이름: BP_ky_magicCircle1","효과 BP; 시스템 본체와 별도 항목","비전 마법진"
"마법","마법진","마법","ParticleSystem","FXVarietyPack","/Game/FXVarietyPack/Particles","P_ky_magicCircle1","이름: P_ky_magicCircle1","","비전 마법진"
"마법","범위 낙하","마법","NiagaraSystem","MegaMagicVFXBundle","/Game/MegaMagicVFXBundle/VFX/MagicalExplosionsVFX/VFX/MeteorShower/Systems","N_MagicalMeteorShower","이름: N_MagicalMeteorShower","","마력 운석우"
"마법","범위 낙하","미지정","NiagaraSystem","MegaMagicVFXBundle","/Game/MegaMagicVFXBundle/VFX/MagicalExplosionsVFX/VFX/MeteorShower/Systems","N_MeteorShower","이름: N_MeteorShower","","운석우"
"마법","범위 폭풍","물","Blueprint","FXVarietyPack","/Game/FXVarietyPack/Blueprints","BP_ky_aquaStorm","이름: BP_ky_aquaStorm","효과 BP; 시스템 본체와 별도 항목","물결 폭풍"
"마법","범위 폭풍","물","ParticleSystem","FXVarietyPack","/Game/FXVarietyPack/Particles","P_ky_aquaStorm","이름: P_ky_aquaStorm","","물결 폭풍"
"마법","범위 폭풍","미지정","Blueprint","FXVarietyPack","/Game/FXVarietyPack/Blueprints","BP_ky_storm","이름: BP_ky_storm","효과 BP; 시스템 본체와 별도 항목","폭풍의 소용돌이"
"마법","범위 폭풍","미지정","ParticleSystem","FXVarietyPack","/Game/FXVarietyPack/Particles","P_ky_storm","이름: P_ky_storm","","폭풍의 소용돌이"
"마법","범위 폭풍","번개","Blueprint","FXVarietyPack","/Game/FXVarietyPack/Blueprints","BP_ky_thunderStorm","이름: BP_ky_thunderStorm","효과 BP; 시스템 본체와 별도 항목","뇌전 폭풍"
"마법","범위 폭풍","번개","ParticleSystem","FXVarietyPack","/Game/FXVarietyPack/Particles","P_ky_thunderStorm","이름: P_ky_thunderStorm","","뇌전 폭풍"
"마법","범위 폭풍","암흑","Blueprint","FXVarietyPack","/Game/FXVarietyPack/Blueprints","BP_ky_darkStorm","이름: BP_ky_darkStorm","효과 BP; 시스템 본체와 별도 항목","어둠의 폭풍"
"마법","범위 폭풍","암흑","ParticleSystem","FXVarietyPack","/Game/FXVarietyPack/Particles","P_ky_darkStorm","이름: P_ky_darkStorm","","어둠의 폭풍"
"마법","범위 폭풍","화염","Blueprint","FXVarietyPack","/Game/FXVarietyPack/Blueprints","BP_ky_fireStorm","이름: BP_ky_fireStorm","효과 BP; 시스템 본체와 별도 항목","화염 폭풍"
"마법","범위 폭풍","화염","ParticleSystem","FXVarietyPack","/Game/FXVarietyPack/Particles","P_ky_fireStorm","이름: P_ky_fireStorm","","화염 폭풍"
"마법","보호막/장벽","대지","Blueprint","Luos8Elements","/Game/Luos8Elements/Blueprints/Earth","BP_Earth_Def_01","이름: BP_Earth_Def_01","효과 BP; 시스템 본체와 별도 항목","대지 수호막"
"마법","보호막/장벽","대지","Blueprint","Luos8Elements","/Game/Luos8Elements/Blueprints/Earth","BP_Earth_Def_02","이름: BP_Earth_Def_02","효과 BP; 시스템 본체와 별도 항목","대지의 결계"
"마법","보호막/장벽","대지","ParticleSystem","Luos8Elements","/Game/Luos8Elements/Particles/Earth","Par_LMagic_Earth_Def_01","이름: Par_LMagic_Earth_Def_01","","대지 수호막"
"마법","보호막/장벽","대지","ParticleSystem","Luos8Elements","/Game/Luos8Elements/Particles/Earth","Par_LMagic_Earth_Def_02","이름: Par_LMagic_Earth_Def_02","","대지의 결계"
"마법","보호막/장벽","독","NiagaraSystem","MegaMagicVFXBundle","/Game/MegaMagicVFXBundle/VFX/MagicShieldsVFX/VFX/DefaultVersions/PoisonShield/Systems","N_PoisonShield","이름: N_PoisonShield","","독무 결계"
"마법","보호막/장벽","독","NiagaraSystem","MegaMagicVFXBundle","/Game/MegaMagicVFXBundle/VFX/MagicShieldsVFX/VFX/DefaultVersions/PoisonWall/Systems","N_PoisonWall","이름: N_PoisonWall","","독무 장벽"
"마법","보호막/장벽","마그마","NiagaraSystem","MegaMagicVFXBundle","/Game/MegaMagicVFXBundle/VFX/MagicShieldsVFX/VFX/DefaultVersions/MagmaShield/Systems","N_MagmaShield","이름: N_MagmaShield","","용암 결계"
"마법","보호막/장벽","마그마","NiagaraSystem","MegaMagicVFXBundle","/Game/MegaMagicVFXBundle/VFX/MagicShieldsVFX/VFX/DefaultVersions/MagmaWall/Systems","N_MagmaWall","이름: N_MagmaWall","","용암 장벽"
"마법","보호막/장벽","마법","NiagaraSystem","MegaMagicVFXBundle","/Game/MegaMagicVFXBundle/VFX/MagicAuraVFX/VFX/MagicalBarrier/Systems","N_MagicalBarrier","이름: N_MagicalBarrier","","마법 장벽"
"마법","보호막/장벽","물","Blueprint","Luos8Elements","/Game/Luos8Elements/Blueprints/Aqua","BP_Aqua_Def_01","이름: BP_Aqua_Def_01","효과 BP; 시스템 본체와 별도 항목","물결 수호막"
"마법","보호막/장벽","물","ParticleSystem","Luos8Elements","/Game/Luos8Elements/Particles/Aqua","Par_LMagic_Aqua_Def_01","이름: Par_LMagic_Aqua_Def_01","","물결 수호막"
"마법","보호막/장벽","물","NiagaraSystem","MegaMagicVFXBundle","/Game/MegaMagicVFXBundle/VFX/MagicShieldsVFX/VFX/DefaultVersions/AquaShield/Systems","N_AquaShield","이름: N_AquaShield","","물결 결계"
"마법","보호막/장벽","물","NiagaraSystem","MegaMagicVFXBundle","/Game/MegaMagicVFXBundle/VFX/MagicShieldsVFX/VFX/DefaultVersions/AquaWall/Systems","N_AquaWall","이름: N_AquaWall","","물결 장벽"
"마법","보호막/장벽","미지정","Blueprint","RPGEffects","/Game/RPGEffects/Blueprints","BP_Rotating_Shield","이름: BP_Rotating_Shield","효과 BP; 시스템 본체와 별도 항목","회전 수호막"
"마법","보호막/장벽","미지정","ParticleSystem","RPGEffects","/Game/RPGEffects/Particles","P_Priest_Shield","이름: P_Priest_Shield","","사제의 수호막"
"마법","보호막/장벽","미지정","NiagaraSystem","RPGEffects","/Game/RPGEffects/ParticlesNiagara/Priest/Shield","NS_Preist_Shield","이름: NS_Preist_Shield","","사제의 수호막"
"마법","보호막/장벽","바람","Blueprint","Luos8Elements","/Game/Luos8Elements/Blueprints/Wind","BP_Wind_Def_01","이름: BP_Wind_Def_01","효과 BP; 시스템 본체와 별도 항목","바람 수호막"
"마법","보호막/장벽","바람","ParticleSystem","Luos8Elements","/Game/Luos8Elements/Particles/Wind","Par_Lmagic_Wind_Def_01","이름: Par_Lmagic_Wind_Def_01","","바람 수호막"
"마법","보호막/장벽","바람","ParticleSystem","Luos8Elements","/Game/Luos8Elements/Particles/Wind","Par_Lmagic_Wind_Def_01_Old","이름: Par_Lmagic_Wind_Def_01_Old","Old 변형; 원본 보존","바람 수호막"
"마법","보호막/장벽","바람","NiagaraSystem","MegaMagicVFXBundle","/Game/MegaMagicVFXBundle/VFX/MagicShieldsVFX/VFX/DefaultVersions/WindShield/Systems","N_WindShield","이름: N_WindShield","","바람 결계"
"마법","보호막/장벽","바람","NiagaraSystem","MegaMagicVFXBundle","/Game/MegaMagicVFXBundle/VFX/MagicShieldsVFX/VFX/DefaultVersions/WindWall/Systems","N_WindWall","이름: N_WindWall","","바람 장벽"
"마법","보호막/장벽","바람","NiagaraSystem","MegaMagicVFXBundle","/Game/MegaMagicVFXBundle/VFX/MagicShieldsVFX/VFX/StylizedVersions/WindShieldStylized/Systems","N_WindShieldStylized","이름: N_WindShieldStylized","","바람 결계"
"마법","보호막/장벽","반투명","NiagaraSystem","MegaMagicVFXBundle","/Game/MegaMagicVFXBundle/VFX/MagicShieldsVFX/VFX/DefaultVersions/TranslucentShield/Systems","N_TranslucentShield","이름: N_TranslucentShield","","아른거리는 결계"
"마법","보호막/장벽","반투명","NiagaraSystem","MegaMagicVFXBundle","/Game/MegaMagicVFXBundle/VFX/MagicShieldsVFX/VFX/DefaultVersions/TranslucentWall/Systems","N_TranslucentWall","이름: N_TranslucentWall","","아른거리는 장벽"
"마법","보호막/장벽","번개","Blueprint","Luos8Elements","/Game/Luos8Elements/Blueprints/Lightning","BP_4E_Lightning_Def","이름: BP_4E_Lightning_Def","효과 BP; 시스템 본체와 별도 항목","뇌전 수호막"
"마법","보호막/장벽","번개","ParticleSystem","Luos8Elements","/Game/Luos8Elements/Particles/Lightning","Par_4E_Lightning_Def_01","이름: Par_4E_Lightning_Def_01","","뇌전 수호막"
"마법","보호막/장벽","번개","NiagaraSystem","MegaMagicVFXBundle","/Game/MegaMagicVFXBundle/VFX/MagicShieldsVFX/VFX/DefaultVersions/LightningShield/Systems","N_LightningShield","이름: N_LightningShield","","뇌전 결계"
"마법","보호막/장벽","번개","NiagaraSystem","MegaMagicVFXBundle","/Game/MegaMagicVFXBundle/VFX/MagicShieldsVFX/VFX/DefaultVersions/LightningWall/Systems","N_LightningWall","이름: N_LightningWall","","뇌전 장벽"
"마법","보호막/장벽","번개","NiagaraSystem","MegaMagicVFXBundle","/Game/MegaMagicVFXBundle/VFX/MagicShieldsVFX/VFX/StylizedVersions/LightningShieldStylized/Systems","N_LightningShieldStylized","이름: N_LightningShieldStylized","","뇌전 결계"
"마법","보호막/장벽","번개","NiagaraSystem","MegaMagicVFXBundle","/Game/MegaMagicVFXBundle/VFX/MagicShieldsVFX/VFX/StylizedVersions/LightningWallStylized/Systems","N_LightningWallStylized","이름: N_LightningWallStylized","","뇌전 장벽"
"마법","보호막/장벽","번개","ParticleSystem","RPGEffects","/Game/RPGEffects/Particles","P_Mage_Lightning_Shield","이름: P_Mage_Lightning_Shield","","번개 수호막"
"마법","보호막/장벽","번개","NiagaraSystem","RPGEffects","/Game/RPGEffects/ParticlesNiagara/Mage/LightningShield","NS_Mage_LIghtningShield","이름: NS_Mage_LIghtningShield","","번개 수호막"
"마법","보호막/장벽","비전","NiagaraSystem","MegaMagicVFXBundle","/Game/MegaMagicVFXBundle/VFX/MagicShieldsVFX/VFX/DefaultVersions/ArcaneShield/Systems","N_ArcaneShield","이름: N_ArcaneShield","","비전 결계"
"마법","보호막/장벽","비전","NiagaraSystem","MegaMagicVFXBundle","/Game/MegaMagicVFXBundle/VFX/MagicShieldsVFX/VFX/DefaultVersions/ArcaneWall/Systems","N_ArcaneWall","이름: N_ArcaneWall","","비전 장벽"
"마법","보호막/장벽","빛","Blueprint","Luos8Elements","/Game/Luos8Elements/Blueprints/Light","BP_4E_Light_Def","이름: BP_4E_Light_Def","효과 BP; 시스템 본체와 별도 항목","빛의 수호막"
"마법","보호막/장벽","빛","ParticleSystem","Luos8Elements","/Game/Luos8Elements/Particles/Light","Par_4E_LightDef_01","이름: Par_4E_LightDef_01","","빛의 수호막"
"마법","보호막/장벽","암흑","Blueprint","Luos8Elements","/Game/Luos8Elements/Blueprints/Dark","BP_4E_Dark_Def","이름: BP_4E_Dark_Def","효과 BP; 시스템 본체와 별도 항목","어둠 수호막"
"마법","보호막/장벽","암흑","ParticleSystem","Luos8Elements","/Game/Luos8Elements/Particles/Dark","Par_4E_Dark_Def_01","이름: Par_4E_Dark_Def_01","","어둠 수호막"
"마법","보호막/장벽","얼음","Blueprint","Luos8Elements","/Game/Luos8Elements/Blueprints/Ice","BP_4E_Ice_Def","이름: BP_4E_Ice_Def","효과 BP; 시스템 본체와 별도 항목","서리 수호막"
"마법","보호막/장벽","얼음","ParticleSystem","Luos8Elements","/Game/Luos8Elements/Particles/Ice","Par_4E_Ice_Def_01","이름: Par_4E_Ice_Def_01","","서리 수호막"
"마법","보호막/장벽","에너지","NiagaraSystem","MegaMagicVFXBundle","/Game/MegaMagicVFXBundle/VFX/MagicAuraVFX/VFX/EnergyShield/Systems","N_EnergyShield","이름: N_EnergyShield","","원력 결계"
"마법","보호막/장벽","에너지","NiagaraSystem","MegaMagicVFXBundle","/Game/MegaMagicVFXBundle/VFX/MagicShieldsVFX/VFX/DefaultVersions/EnergyShield/Systems","N_EnergyShield","이름: N_EnergyShield","","원력 결계"
"마법","보호막/장벽","에너지","NiagaraSystem","MegaMagicVFXBundle","/Game/MegaMagicVFXBundle/VFX/MagicShieldsVFX/VFX/DefaultVersions/EnergyWall/Systems","N_EnergyWall","이름: N_EnergyWall","","원력 장벽"
"마법","보호막/장벽","에너지","NiagaraSystem","MegaMagicVFXBundle","/Game/MegaMagicVFXBundle/VFX/MagicShieldsVFX/VFX/StylizedVersions/EnergyShieldStylized/Systems","N_EnergyShieldStylized","이름: N_EnergyShieldStylized","","원력 결계"
"마법","보호막/장벽","에너지","NiagaraSystem","MegaMagicVFXBundle","/Game/MegaMagicVFXBundle/VFX/MagicShieldsVFX/VFX/StylizedVersions/EnergyWallStylized/Systems","N_EnergyWallStylized","이름: N_EnergyWallStylized","","원력 장벽"
"마법","보호막/장벽","저주","NiagaraSystem","MegaMagicVFXBundle","/Game/MegaMagicVFXBundle/VFX/MagicShieldsVFX/VFX/DefaultVersions/CurseShield/Systems","N_CurseShield","이름: N_CurseShield","","저주의 결계"
"마법","보호막/장벽","저주","NiagaraSystem","MegaMagicVFXBundle","/Game/MegaMagicVFXBundle/VFX/MagicShieldsVFX/VFX/DefaultVersions/CurseWall/Systems","N_CurseWall","이름: N_CurseWall","","저주의 장벽"
"마법","보호막/장벽","저주","NiagaraSystem","MegaMagicVFXBundle","/Game/MegaMagicVFXBundle/VFX/MagicShieldsVFX/VFX/StylizedVersions/CurseShieldStylized/Systems","N_CurseShieldStylized","이름: N_CurseShieldStylized","","저주의 결계"
"마법","보호막/장벽","화염","Blueprint","Luos8Elements","/Game/Luos8Elements/Blueprints/Fire","BP_Fire_Def_01","이름: BP_Fire_Def_01","효과 BP; 시스템 본체와 별도 항목","화염 수호막"
"마법","보호막/장벽","화염","ParticleSystem","Luos8Elements","/Game/Luos8Elements/Particles/Fire","Par_LMagic_fire_Def_01","이름: Par_LMagic_fire_Def_01","","화염 수호막"
"마법","보호막/장벽","화염","NiagaraSystem","MegaMagicVFXBundle","/Game/MegaMagicVFXBundle/VFX/MagicShieldsVFX/VFX/DefaultVersions/FlameShield/Systems","N_FlameShield","이름: N_FlameShield","","화염 결계"
"마법","보호막/장벽","화염","NiagaraSystem","MegaMagicVFXBundle","/Game/MegaMagicVFXBundle/VFX/MagicShieldsVFX/VFX/DefaultVersions/FlameWall/Systems","N_FlameWall","이름: N_FlameWall","","화염 장벽"
"마법","보호막/장벽","화염","ParticleSystem","RPGEffects","/Game/RPGEffects/Particles","P_Mage_Fire_Shield","이름: P_Mage_Fire_Shield","","불꽃 수호막"
"마법","보호막/장벽","화염","NiagaraSystem","RPGEffects","/Game/RPGEffects/ParticlesNiagara/Mage/Fireshield","NS_Mage_Fire_Shield","이름: NS_Mage_Fire_Shield","","불꽃 수호막"
"마법","복합 효과","마그마","NiagaraSystem","Mixed_Magic_VFX_Pack","/Game/Mixed_Magic_VFX_Pack/VFX","NS_Magma_Shot","이름: NS_Magma_Shot","확인 필요: 복합 효과의 세부 역할","용암의 기운"
"마법","복합 효과","마법","NiagaraSystem","Mixed_Magic_VFX_Pack","/Game/Mixed_Magic_VFX_Pack/VFX","NS_Magic_Bubbles","이름: NS_Magic_Bubbles","확인 필요: 복합 효과의 세부 역할","마력 방울"
"마법","복합 효과","미지정","NiagaraSystem","Mixed_Magic_VFX_Pack","/Game/Mixed_Magic_VFX_Pack/VFX","NS_Gelmir_Fury","이름: NS_Gelmir_Fury","확인 필요: 복합 효과의 세부 역할","격정"
"마법","복합 효과","수정","NiagaraSystem","Mixed_Magic_VFX_Pack","/Game/Mixed_Magic_VFX_Pack/VFX","NS_Crystal_Torrent","이름: NS_Crystal_Torrent","확인 필요: 복합 효과의 세부 역할","수정의 물결"
"마법","복합 효과","수정","NiagaraSystem","Mixed_Magic_VFX_Pack","/Game/Mixed_Magic_VFX_Pack/VFX","NS_Shattering_Crystal","이름: NS_Shattering_Crystal","확인 필요: 복합 효과의 세부 역할","수정의 파편"
"마법","복합 효과","암흑","NiagaraSystem","Mixed_Magic_VFX_Pack","/Game/Mixed_Magic_VFX_Pack/VFX","NS_Dark_Stone","이름: NS_Dark_Stone","확인 필요: 복합 효과의 세부 역할","어둠의 돌"
"마법","빔","미지정","Blueprint","FXVarietyPack","/Game/FXVarietyPack/Blueprints","BP_ky_laser01","이름: BP_ky_laser01","효과 BP; 시스템 본체와 별도 항목","섬광 광선"
"마법","빔","미지정","ParticleSystem","FXVarietyPack","/Game/FXVarietyPack/Particles","P_ky_laser01","이름: P_ky_laser01","","섬광 광선"
"마법","빔","미지정","ParticleSystem","RPGEffects","/Game/RPGEffects/Particles","P_Priest_Beam","이름: P_Priest_Beam","","기도의 광선"
"마법","빔","미지정","NiagaraSystem","RPGEffects","/Game/RPGEffects/ParticlesNiagara/Priest/Beam","NS_Priest_Beam","이름: NS_Priest_Beam","","기도의 광선"
"마법","빔","에너지","ParticleSystem","RPGEffects","/Game/RPGEffects/Particles","P_Mage_EnergyBeam","이름: P_Mage_EnergyBeam","","마력 광선"
"마법","빔","에너지","NiagaraSystem","RPGEffects","/Game/RPGEffects/ParticlesNiagara/Mage/EnergyBeam","NS_Mage_EnergyBeam","이름: NS_Mage_EnergyBeam","","마력 광선"
"마법","선형 공격","마법","NiagaraSystem","Free_Magic","/Game/Free_Magic/VFX_Niagara","NS_Free_Magic_Attack_Line","이름: NS_Free_Magic_Attack_Line","확인 필요: 투사체·빔 여부","뻗어가는 마력"
"마법","소환 무기 공격","미지정","NiagaraSystem","Mixed_Magic_VFX_Pack","/Game/Mixed_Magic_VFX_Pack/VFX","NS_Big_Hammer","이름: NS_Big_Hammer","확인 필요: 무기 출현·공격 형태","거인의 망치"
"마법","소환 무기 공격","미지정","NiagaraSystem","Mixed_Magic_VFX_Pack","/Game/Mixed_Magic_VFX_Pack/VFX","NS_Big_Sword","이름: NS_Big_Sword","확인 필요: 무기 출현·공격 형태","거인의 검"
"마법","시전","마그마","NiagaraSystem","Mixed_Magic_VFX_Pack","/Game/Mixed_Magic_VFX_Pack/VFX","NS_Magma_Shot_Owner_Cast_Spell","이름: NS_Magma_Shot_Owner_Cast_Spell","","용암탄의 시전"
"마법","시전","마법","NiagaraSystem","Mixed_Magic_VFX_Pack","/Game/Mixed_Magic_VFX_Pack/VFX","NS_Magic_Big_Bubbles_Owner_Cast","이름: NS_Magic_Big_Bubbles_Owner_Cast","","거대 마력 방울의 시전"
"마법","시전","마법","NiagaraSystem","Mixed_Magic_VFX_Pack","/Game/Mixed_Magic_VFX_Pack/VFX","NS_Magic_Bubbles_Owner_Cast_Spell","이름: NS_Magic_Bubbles_Owner_Cast_Spell","","마력 방울의 시전"
"마법","시전","번개","NiagaraSystem","Mixed_Magic_VFX_Pack","/Game/Mixed_Magic_VFX_Pack/VFX","NS_Lightning_Owner_Cast","이름: NS_Lightning_Owner_Cast","","뇌전의 시전"
"마법","시전","수정","NiagaraSystem","Mixed_Magic_VFX_Pack","/Game/Mixed_Magic_VFX_Pack/VFX","NS_Crystal_Torrent_Owner_Cast","이름: NS_Crystal_Torrent_Owner_Cast","","수정 물결의 시전"
"마법","시전","수정","NiagaraSystem","Mixed_Magic_VFX_Pack","/Game/Mixed_Magic_VFX_Pack/VFX","NS_Shattering_Crystal_Owner_Cast","이름: NS_Shattering_Crystal_Owner_Cast","","수정 파편의 시전"
"마법","시전","암흑","NiagaraSystem","Mixed_Magic_VFX_Pack","/Game/Mixed_Magic_VFX_Pack/VFX","NS_Dark_Owner_Cast_Spell","이름: NS_Dark_Owner_Cast_Spell","","어둠의 시전"
"마법","안개/범위","암흑","NiagaraSystem","Mixed_Magic_VFX_Pack","/Game/Mixed_Magic_VFX_Pack/VFX","NS_Dark_Mist","이름: NS_Dark_Mist","확인 필요: 범위와 지속 형태","어둠의 안개"
"마법","안개/범위","얼음","NiagaraSystem","Mixed_Magic_VFX_Pack","/Game/Mixed_Magic_VFX_Pack/VFX","NS_Ice_Mist","이름: NS_Ice_Mist","확인 필요: 범위와 지속 형태","서리 안개"
"마법","장판","마법","NiagaraSystem","Free_Magic","/Game/Free_Magic/VFX_Niagara","NS_Free_Magic_Area1","이름: NS_Free_Magic_Area1","","비술의 영역"
"마법","장판","마법","NiagaraSystem","Free_Magic","/Game/Free_Magic/VFX_Niagara","NS_Free_Magic_Area2","이름: NS_Free_Magic_Area2","","마력의 영역"
"마법","장판","번개","NiagaraSystem","MegaMagicVFXBundle","/Game/MegaMagicVFXBundle/VFX/MagicAuraVFX/VFX/LightningField/Systems","N_LightningField","이름: N_LightningField","","뇌전의 영역"
"마법","장판","은하","NiagaraSystem","MegaMagicVFXBundle","/Game/MegaMagicVFXBundle/VFX/MagicAuraVFX/VFX/GalacticField/Systems","N_GalacticField","이름: N_GalacticField","","은하의 영역"
"마법","장판","화염","ParticleSystem","Luos8Elements","/Game/Luos8Elements/Particles/Fire","Par_LMagic_fire_Def_Floor_01","이름: Par_LMagic_fire_Def_Floor_01","","화염의 터"
"마법","장판","화염","NiagaraSystem","MegaMagicVFXBundle","/Game/MegaMagicVFXBundle/VFX/MagicAuraVFX/VFX/RingOfFlames/Systems","N_RingOfFlames","이름: N_RingOfFlames","","화염의 고리"
"마법","충격파","파동","ParticleSystem","FXVarietyPack","/Game/FXVarietyPack/Particles","P_ky_shotShockwave","이름: P_ky_shotShockwave","","발산하는 충격파"
"마법","투사체","대지","Blueprint","Luos8Elements","/Game/Luos8Elements/Blueprints/Earth","BP_Earth_Atk_01","이름: BP_Earth_Atk_01; 대응 BP의 투사체 부모·참조","효과 BP; 시스템 본체와 별도 항목","대지탄"
"마법","투사체","대지","Blueprint","Luos8Elements","/Game/Luos8Elements/Blueprints/Earth","BP_Earth_Atk_02","이름: BP_Earth_Atk_02; 대응 BP의 투사체 부모·참조","효과 BP; 시스템 본체와 별도 항목","대지의 탄환"
"마법","투사체","대지","ParticleSystem","Luos8Elements","/Game/Luos8Elements/Particles/Earth","Par_LMagic_Earth_Atk_01","이름: Par_LMagic_Earth_Atk_01; 대응 BP의 투사체 부모·참조","","대지탄"
"마법","투사체","대지","ParticleSystem","Luos8Elements","/Game/Luos8Elements/Particles/Earth","Par_LMagic_Earth_Atk_02","이름: Par_LMagic_Earth_Atk_02; 대응 BP의 투사체 부모·참조","","대지의 탄환"
"마법","투사체","마그마","Blueprint","Mixed_Magic_VFX_Pack","/Game/Mixed_Magic_VFX_Pack/Blueprint","BP_Magma_Shot_Projectile","이름: BP_Magma_Shot_Projectile","효과 BP; 시스템 본체와 별도 항목","용암탄"
"마법","투사체","마그마","NiagaraSystem","Mixed_Magic_VFX_Pack","/Game/Mixed_Magic_VFX_Pack/VFX/Sperate_VFX","NS_Magma_Shot_Projectile","이름: NS_Magma_Shot_Projectile","","용암탄"
"마법","투사체","마법","NiagaraSystem","Free_Magic","/Game/Free_Magic/VFX_Niagara","NS_Free_Magic_Projectile1","이름: NS_Free_Magic_Projectile1","","비술탄"
"마법","투사체","마법","NiagaraSystem","Free_Magic","/Game/Free_Magic/VFX_Niagara","NS_Free_Magic_Projectile1_Base","이름: NS_Free_Magic_Projectile1_Base","","비술탄"
"마법","투사체","마법","NiagaraSystem","Free_Magic","/Game/Free_Magic/VFX_Niagara","NS_Free_Magic_Projectile2","이름: NS_Free_Magic_Projectile2","","마력탄"
"마법","투사체","마법","NiagaraSystem","Free_Magic","/Game/Free_Magic/VFX_Niagara","NS_Free_Magic_Projectile2_Base","이름: NS_Free_Magic_Projectile2_Base","","마력탄"
"마법","투사체","마법","NiagaraSystem","MegaMagicVFXBundle","/Game/MegaMagicVFXBundle/VFX/MagicAuraVFX/VFX/MagicalAsteroid/Systems","N_MagicalAsteroid","이름: N_MagicalAsteroid","확인 필요: 투사체 이동·낙하 형태","마력 운석"
"마법","투사체","마법","ParticleSystem","RPGEffects","/Game/RPGEffects/Particles","P_Mage_MagicBolt","이름: P_Mage_MagicBolt","","마력 화살"
"마법","투사체","마법","ParticleSystem","RPGEffects","/Game/RPGEffects/Particles","P_Mage_MagicMissile","이름: P_Mage_MagicMissile","","마력탄"
"마법","투사체","마법","NiagaraSystem","RPGEffects","/Game/RPGEffects/ParticlesNiagara/Mage/MagicBolt","NS_Mage_MagicBolt","이름: NS_Mage_MagicBolt","","마력 화살"
"마법","투사체","마법","NiagaraSystem","RPGEffects","/Game/RPGEffects/ParticlesNiagara/Mage/MagicMissle","NS_Mage_MagicMissle","이름: NS_Mage_MagicMissle","","마력탄"
"마법","투사체","물","Blueprint","FXVarietyPack","/Game/FXVarietyPack/Blueprints","BP_ky_waterBall","이름: BP_ky_waterBall","효과 BP; 시스템 본체와 별도 항목","물방울 구슬"
"마법","투사체","물","ParticleSystem","FXVarietyPack","/Game/FXVarietyPack/Particles","P_ky_waterBall","이름: P_ky_waterBall","","물방울 구슬"
"마법","투사체","물","Blueprint","Luos8Elements","/Game/Luos8Elements/Blueprints/Aqua","BP_Aqua_Atk_01","이름: BP_Aqua_Atk_01; 대응 BP의 투사체 부모·참조","효과 BP; 시스템 본체와 별도 항목","물결탄"
"마법","투사체","물","ParticleSystem","Luos8Elements","/Game/Luos8Elements/Particles/Aqua","Par_LMagic_Aqua_Atk_01","이름: Par_LMagic_Aqua_Atk_01; 대응 BP의 투사체 부모·참조","","물결탄"
"마법","투사체","미지정","Blueprint","FXVarietyPack","/Game/FXVarietyPack/Blueprints","BP_ky_shootingStar1","이름: BP_ky_shootingStar1","효과 BP; 시스템 본체와 별도 항목","별똥별"
"마법","투사체","미지정","ParticleSystem","FXVarietyPack","/Game/FXVarietyPack/Particles","P_ky_shootingStar1","이름: P_ky_shootingStar1","","별똥별"
"마법","투사체","미지정","Blueprint","Luos8Elements","/Game/Luos8Elements/Blueprints","BP_4E_Base_Projectile","이름: BP_4E_Base_Projectile","효과 BP; 시스템 본체와 별도 항목; 기반 BP; 구체 효과 설정 확인 필요","마력의 탄환"
"마법","투사체","미지정","Blueprint","Luos8Elements","/Game/Luos8Elements/Blueprints","BP_4E_Base_ProjectileAlt","이름: BP_4E_Base_ProjectileAlt","효과 BP; 시스템 본체와 별도 항목; 기반 BP; 구체 효과 설정 확인 필요","비술의 탄환"
"마법","투사체","미지정","Blueprint","Luos8Elements","/Game/Luos8Elements/Blueprints","BP_4E_HomingProj","이름: BP_4E_HomingProj","효과 BP; 시스템 본체와 별도 항목; 기반 BP; 구체 효과 설정 확인 필요","쫓아가는 마력탄"
"마법","투사체","미지정","NiagaraSystem","MegaMagicVFXBundle","/Game/MegaMagicVFXBundle/VFX/MagicAuraVFX/VFX/Meteor/Systems","N_Meteor","이름: N_Meteor","확인 필요: 투사체 이동·낙하 형태","운석"
"마법","투사체","바람","Blueprint","Luos8Elements","/Game/Luos8Elements/Blueprints/Wind","BP_Wind_Atk_01","이름: BP_Wind_Atk_01; 대응 BP의 투사체 부모·참조","효과 BP; 시스템 본체와 별도 항목","바람탄"
"마법","투사체","바람","ParticleSystem","Luos8Elements","/Game/Luos8Elements/Particles/Wind","Par_Lmagic_Wind_Atk_01","이름: Par_Lmagic_Wind_Atk_01; 대응 BP의 투사체 부모·참조","","바람탄"
"마법","투사체","번개","Blueprint","FXVarietyPack","/Game/FXVarietyPack/Blueprints","BP_ky_thunderBall","이름: BP_ky_thunderBall","효과 BP; 시스템 본체와 별도 항목","뇌전 구슬"
"마법","투사체","번개","ParticleSystem","FXVarietyPack","/Game/FXVarietyPack/Particles","P_ky_thunderBall","이름: P_ky_thunderBall","","뇌전 구슬"
"마법","투사체","번개","Blueprint","Luos8Elements","/Game/Luos8Elements/Blueprints/Lightning","BP_4E_Base_Projectile_Lightning","이름: BP_4E_Base_Projectile_Lightning","효과 BP; 시스템 본체와 별도 항목","뇌전탄"
"마법","투사체","번개","ParticleSystem","Luos8Elements","/Game/Luos8Elements/Particles/Lightning","Par_4E_OrbLightning_01","이름: Par_4E_OrbLightning_01; 대응 BP의 투사체 부모·참조","","뇌전탄"
"마법","투사체","빛","Blueprint","Luos8Elements","/Game/Luos8Elements/Blueprints/Light","BP_4E_Light_Atk","이름: BP_4E_Light_Atk; 대응 BP의 투사체 부모·참조","효과 BP; 시스템 본체와 별도 항목","광탄"
"마법","투사체","빛","ParticleSystem","Luos8Elements","/Game/Luos8Elements/Particles/Light","Par_4E_LightOrb_01","이름: Par_4E_LightOrb_01; 대응 BP의 투사체 부모·참조","","광탄"
"마법","투사체","암흑","Blueprint","Luos8Elements","/Game/Luos8Elements/Blueprints/Dark","BP_4E_Base_Projectile_Dark","이름: BP_4E_Base_Projectile_Dark","효과 BP; 시스템 본체와 별도 항목","어둠탄"
"마법","투사체","암흑","ParticleSystem","Luos8Elements","/Game/Luos8Elements/Particles/Dark","Par_4E_Dark_Atk_01","이름: Par_4E_Dark_Atk_01; 대응 BP의 투사체 부모·참조","","어둠탄"
"마법","투사체","암흑","NiagaraSystem","Mixed_Magic_VFX_Pack","/Game/Mixed_Magic_VFX_Pack/VFX","NS_Dark_Solo_Projectile","이름: NS_Dark_Solo_Projectile","","어둠탄"
"마법","투사체","얼음","Blueprint","Luos8Elements","/Game/Luos8Elements/Blueprints/Ice","BP_4E_Ice_Atk","이름: BP_4E_Ice_Atk; 대응 BP의 투사체 부모·참조","효과 BP; 시스템 본체와 별도 항목","서리탄"
"마법","투사체","얼음","ParticleSystem","Luos8Elements","/Game/Luos8Elements/Particles/Ice","Par_4E_Ice_Atk_01","이름: Par_4E_Ice_Atk_01; 대응 BP의 투사체 부모·참조","","서리탄"
"마법","투사체","화염","Blueprint","FXVarietyPack","/Game/FXVarietyPack/Blueprints","BP_ky_fireBall","이름: BP_ky_fireBall","효과 BP; 시스템 본체와 별도 항목","불꽃 구슬"
"마법","투사체","화염","ParticleSystem","FXVarietyPack","/Game/FXVarietyPack/Particles","P_ky_fireBall","이름: P_ky_fireBall","","불꽃 구슬"
"마법","투사체","화염","Blueprint","Luos8Elements","/Game/Luos8Elements/Blueprints/Fire","BP_Fire_Atk_01","이름: BP_Fire_Atk_01; 대응 BP의 투사체 부모·참조","효과 BP; 시스템 본체와 별도 항목","화염탄"
"마법","투사체","화염","ParticleSystem","Luos8Elements","/Game/Luos8Elements/Particles/Fire","Par_LMagic_Fire_Atk_01","이름: Par_LMagic_Fire_Atk_01; 대응 BP의 투사체 부모·참조","","화염탄"
"마법","투사체","화염","ParticleSystem","RPGEffects","/Game/RPGEffects/Particles","P_Mage_Fireball","이름: P_Mage_Fireball","","화염구"
"마법","투사체","화염","NiagaraSystem","RPGEffects","/Game/RPGEffects/ParticlesNiagara/Mage/Fireball","NS_Mage_Fireball","이름: NS_Mage_Fireball","","화염구"
"마법","파동/범위","물","NiagaraSystem","MegaMagicVFXBundle","/Game/MegaMagicVFXBundle/VFX/MagicalExplosionsVFX/VFX/Tsunami/Systems","N_Tsunami","이름: N_Tsunami","","해일"
"마법","파동/범위","물","NiagaraSystem","MegaMagicVFXBundle","/Game/MegaMagicVFXBundle/VFX/MagicalExplosionsVFX/VFX/Tsunami/Systems","N_TsunamiCharged","이름: N_TsunamiCharged","Charged 변형","응축된 해일"
"마법","파동/범위","물","NiagaraSystem","MegaMagicVFXBundle","/Game/MegaMagicVFXBundle/VFX/MagicAuraVFX/VFX/Tsunami/Systems","N_Tsunami","이름: N_Tsunami","","해일"
"마법","파동/범위","파동","ParticleSystem","RPGEffects","/Game/RPGEffects/Particles","P_Priest_Wave","이름: P_Priest_Wave","","기도의 파동"
"마법","파동/범위","파동","NiagaraSystem","RPGEffects","/Game/RPGEffects/ParticlesNiagara/Priest/Wave","NS_Priest_Wave","이름: NS_Priest_Wave","","기도의 파동"
"마법","폭발","대지","NiagaraSystem","MegaMagicVFXBundle","/Game/MegaMagicVFXBundle/VFX/MagicalExplosionsVFX/VFX/EarthExplosion/Systems","N_EarthExplosion","이름: N_EarthExplosion","","대지 폭발"
"마법","폭발","독","NiagaraSystem","MegaMagicVFXBundle","/Game/MegaMagicVFXBundle/VFX/MagicalExplosionsVFX/VFX/PoisonExplosion/Systems","N_PoisonExplosion","이름: N_PoisonExplosion","","독무 폭발"
"마법","폭발","독","NiagaraSystem","MegaMagicVFXBundle","/Game/MegaMagicVFXBundle/VFX/MagicalExplosionsVFX/VFX/PoisonExplosion/Systems","N_PoisonExplosionCharged","이름: N_PoisonExplosionCharged","Charged 변형","응축된 독무 폭발"
"마법","폭발","마그마","NiagaraSystem","MegaMagicVFXBundle","/Game/MegaMagicVFXBundle/VFX/MagicalExplosionsVFX/VFX/MagmaExplosion/Systems","N_MagmaExplosion","이름: N_MagmaExplosion","","용암 폭발"
"마법","폭발","마그마","NiagaraSystem","MegaMagicVFXBundle","/Game/MegaMagicVFXBundle/VFX/MagicalExplosionsVFX/VFX/MagmaExplosion/Systems","N_MagmaExplosionCharged","이름: N_MagmaExplosionCharged","Charged 변형","응축된 용암 폭발"
"마법","폭발","마법","NiagaraSystem","MegaMagicVFXBundle","/Game/MegaMagicVFXBundle/VFX/MagicalExplosionsVFX/VFX/MagicalExplosion/Systems","N_MagicalExplosion","이름: N_MagicalExplosion","","마력 폭발"
"마법","폭발","마법","NiagaraSystem","MegaMagicVFXBundle","/Game/MegaMagicVFXBundle/VFX/MagicalExplosionsVFX/VFX/MagicalExplosion/Systems","N_MagicalExplosionCharged","이름: N_MagicalExplosionCharged","Charged 변형","응축된 마력 폭발"
"마법","폭발","마법","NiagaraSystem","Mixed_Magic_VFX_Pack","/Game/Mixed_Magic_VFX_Pack/VFX","NS_Magic_Big_Bubbles_Explosion","이름: NS_Magic_Big_Bubbles_Explosion","","거대 마력 방울의 폭발"
"마법","폭발","물","ParticleSystem","Luos8Elements","/Game/Luos8Elements/Particles/Aqua","Par_LMagic_Aqua_Explosion","이름: Par_LMagic_Aqua_Explosion","","물결 폭발"
"마법","폭발","물","ParticleSystem","Luos8Elements","/Game/Luos8Elements/Particles/Aqua","Par_LMagic_Aqua_Explosion_Xaxis","이름: Par_LMagic_Aqua_Explosion_Xaxis","","뻗어가는 물결 폭발"
"마법","폭발","미지정","Blueprint","FXVarietyPack","/Game/FXVarietyPack/Blueprints","BP_ky_explosion","이름: BP_ky_explosion","효과 BP; 시스템 본체와 별도 항목","폭발"
"마법","폭발","미지정","ParticleSystem","FXVarietyPack","/Game/FXVarietyPack/Particles","P_ky_explosion","이름: P_ky_explosion","","폭발"
"마법","폭발","바람","ParticleSystem","Luos8Elements","/Game/Luos8Elements/Particles/Wind","Par_LMagic_Wind_Explosion","이름: Par_LMagic_Wind_Explosion","","바람 폭발"
"마법","폭발","번개","NiagaraSystem","MegaMagicVFXBundle","/Game/MegaMagicVFXBundle/VFX/MagicalExplosionsVFX/VFX/LightningExplosion/Systems","N_LightningBlast","이름: N_LightningBlast","","뇌전 폭발"
"마법","폭발","번개","NiagaraSystem","MegaMagicVFXBundle","/Game/MegaMagicVFXBundle/VFX/MagicalExplosionsVFX/VFX/LightningExplosion/Systems","N_LightningBlastCharged","이름: N_LightningBlastCharged","Charged 변형","응축된 뇌전 폭발"
"마법","폭발","블랙홀","NiagaraSystem","MegaMagicVFXBundle","/Game/MegaMagicVFXBundle/VFX/MagicalExplosionsVFX/VFX/BlackholeExplosion/Systems","N_BlackholeExplosion","이름: N_BlackholeExplosion","","공허의 폭발"
"마법","폭발","블랙홀","NiagaraSystem","MegaMagicVFXBundle","/Game/MegaMagicVFXBundle/VFX/MagicalExplosionsVFX/VFX/BlackholeExplosion/Systems","N_BlackholeExplosionCharged","이름: N_BlackholeExplosionCharged","Charged 변형","응축된 공허의 폭발"
"마법","폭발","빛","ParticleSystem","Luos8Elements","/Game/Luos8Elements/Particles/Light","Par_4E_Light_Explosion_01","이름: Par_4E_Light_Explosion_01","","빛의 폭발"
"마법","폭발","빛","NiagaraSystem","MegaMagicVFXBundle","/Game/MegaMagicVFXBundle/VFX/MagicalExplosionsVFX/VFX/LightBlast/Systems","N_LightBlast","이름: N_LightBlast","","빛의 폭발"
"마법","폭발","빛","NiagaraSystem","MegaMagicVFXBundle","/Game/MegaMagicVFXBundle/VFX/MagicalExplosionsVFX/VFX/LightBlast/Systems","N_LightBlastCharged","이름: N_LightBlastCharged","Charged 변형","응축된 빛의 폭발"
"마법","폭발","에너지","NiagaraSystem","MegaMagicVFXBundle","/Game/MegaMagicVFXBundle/VFX/MagicalExplosionsVFX/VFX/EnergyBlast/Systems","N_EnergyBlast","이름: N_EnergyBlast","","원력 폭발"
"마법","폭발","에너지","NiagaraSystem","MegaMagicVFXBundle","/Game/MegaMagicVFXBundle/VFX/MagicalExplosionsVFX/VFX/EnergyBlast/Systems","N_EnergyBlastCharged","이름: N_EnergyBlastCharged","Charged 변형","응축된 원력 폭발"
"마법","폭발","혈액","NiagaraSystem","MegaMagicVFXBundle","/Game/MegaMagicVFXBundle/VFX/MagicalExplosionsVFX/VFX/BloodExplosion/Systems","N_BloodExplosion","이름: N_BloodExplosion","","혈무 폭발"
"마법","폭발","혈액","NiagaraSystem","MegaMagicVFXBundle","/Game/MegaMagicVFXBundle/VFX/MagicalExplosionsVFX/VFX/BloodExplosion/Systems","N_BloodExplosionCharged","이름: N_BloodExplosionCharged","Charged 변형","응축된 혈무 폭발"
"마법","폭발","혼돈","NiagaraSystem","MegaMagicVFXBundle","/Game/MegaMagicVFXBundle/VFX/MagicalExplosionsVFX/VFX/ChaosExplosion/Systems","N_ChaosExplosion","이름: N_ChaosExplosion","","혼돈 폭발"
"마법","폭발","혼돈","NiagaraSystem","MegaMagicVFXBundle","/Game/MegaMagicVFXBundle/VFX/MagicalExplosionsVFX/VFX/ChaosExplosion/Systems","N_ChaosExplosionCharged","이름: N_ChaosExplosionCharged","Charged 변형","응축된 혼돈 폭발"
"마법","폭발","화염","ParticleSystem","Luos8Elements","/Game/Luos8Elements/Particles/Fire","Par_LMagic_Fire_Explosion","이름: Par_LMagic_Fire_Explosion","","화염 폭발"
"마법","폭발","화염","ParticleSystem","Luos8Elements","/Game/Luos8Elements/Particles/Fire","Par_LMagic_Fire_Explosion_Xdir","이름: Par_LMagic_Fire_Explosion_Xdir","","뻗어가는 화염 폭발"
"마법","폭발","화염","NiagaraSystem","MegaMagicVFXBundle","/Game/MegaMagicVFXBundle/VFX/MagicalExplosionsVFX/VFX/FlameBlast/Systems","N_FlameBlast","이름: N_FlameBlast","","화염 폭발"
"마법","폭발","화염","NiagaraSystem","MegaMagicVFXBundle","/Game/MegaMagicVFXBundle/VFX/MagicalExplosionsVFX/VFX/FlameBlast/Systems","N_FlameBlastCharged","이름: N_FlameBlastCharged","Charged 변형","응축된 화염 폭발"
"마법","피격","대지","ParticleSystem","Luos8Elements","/Game/Luos8Elements/Particles/Earth","Par_LMagic_Earth_Impact_01","이름: Par_LMagic_Earth_Impact_01","","대지탄의 격돌"
"마법","피격","대지","ParticleSystem","Luos8Elements","/Game/Luos8Elements/Particles/Earth","Par_LMagic_Earth_Impact_02","이름: Par_LMagic_Earth_Impact_02","","대지 탄환의 격돌"
"마법","피격","마그마","NiagaraSystem","Mixed_Magic_VFX_Pack","/Game/Mixed_Magic_VFX_Pack/VFX/Sperate_VFX","NS_Magma_Shot_Impact","이름: NS_Magma_Shot_Impact","","용암탄의 격돌"
"마법","피격","마법","NiagaraSystem","Free_Magic","/Game/Free_Magic/VFX_Niagara","NS_Free_Magic_Hit1","이름: NS_Free_Magic_Hit1","","비술탄의 격돌"
"마법","피격","마법","NiagaraSystem","Free_Magic","/Game/Free_Magic/VFX_Niagara","NS_Free_Magic_Hit2","이름: NS_Free_Magic_Hit2","","마력탄의 격돌"
"마법","피격","물","Blueprint","FXVarietyPack","/Game/FXVarietyPack/Blueprints","BP_ky_waterBallHit","이름: BP_ky_waterBallHit","효과 BP; 시스템 본체와 별도 항목","물방울 구슬의 격돌"
"마법","피격","물","ParticleSystem","FXVarietyPack","/Game/FXVarietyPack/Particles","P_ky_waterBallHit","이름: P_ky_waterBallHit","","물방울 구슬의 격돌"
"마법","피격","미지정","Blueprint","FXVarietyPack","/Game/FXVarietyPack/Blueprints","BP_ky_hit1","이름: BP_ky_hit1","효과 BP; 시스템 본체와 별도 항목","충돌의 섬광"
"마법","피격","미지정","Blueprint","FXVarietyPack","/Game/FXVarietyPack/Blueprints","BP_ky_hit2","이름: BP_ky_hit2","효과 BP; 시스템 본체와 별도 항목","격돌의 잔광"
"마법","피격","미지정","ParticleSystem","FXVarietyPack","/Game/FXVarietyPack/Particles","P_ky_hit1","이름: P_ky_hit1","","충돌의 섬광"
"마법","피격","미지정","ParticleSystem","FXVarietyPack","/Game/FXVarietyPack/Particles","P_ky_hit2","이름: P_ky_hit2","","격돌의 잔광"
"마법","피격","미지정","NiagaraSystem","Mixed_Magic_VFX_Pack","/Game/Mixed_Magic_VFX_Pack/VFX","NS_Big_Hammer_Impact","이름: NS_Big_Hammer_Impact","","거인의 망치 격돌"
"마법","피격","미지정","NiagaraSystem","Mixed_Magic_VFX_Pack","/Game/Mixed_Magic_VFX_Pack/VFX","NS_Gelmir_Wizard_Impact","이름: NS_Gelmir_Wizard_Impact","","격정의 격돌"
"마법","피격","번개","Blueprint","FXVarietyPack","/Game/FXVarietyPack/Blueprints","BP_ky_ThunderBallHit","이름: BP_ky_ThunderBallHit","효과 BP; 시스템 본체와 별도 항목","뇌전 구슬의 격돌"
"마법","피격","번개","ParticleSystem","FXVarietyPack","/Game/FXVarietyPack/Particles","P_ky_ThunderBallHit","이름: P_ky_ThunderBallHit","","뇌전 구슬의 격돌"
"마법","피격","암흑","ParticleSystem","Luos8Elements","/Game/Luos8Elements/Particles/Dark","Par_4E_Dark_Impact_01","이름: Par_4E_Dark_Impact_01","","어둠탄의 격돌"
"마법","피격","암흑","NiagaraSystem","Mixed_Magic_VFX_Pack","/Game/Mixed_Magic_VFX_Pack/VFX","NS_Dark_Solo_Impact","이름: NS_Dark_Solo_Impact","","어둠탄의 격돌"
"마법","피격","암흑","NiagaraSystem","Mixed_Magic_VFX_Pack","/Game/Mixed_Magic_VFX_Pack/VFX","NS_Dark_Stone_Impact","이름: NS_Dark_Stone_Impact","","어둠돌의 격돌"
"마법","피격","얼음","ParticleSystem","Luos8Elements","/Game/Luos8Elements/Particles/Ice","Par_4E_Ice_Impact_01","이름: Par_4E_Ice_Impact_01","","서리탄의 격돌"
"마법","회오리","바람","ParticleSystem","RPGEffects","/Game/RPGEffects/Particles","P_Mage_Whirlwind","이름: P_Mage_Whirlwind","","회오리바람"
"마법","회오리","바람","NiagaraSystem","RPGEffects","/Game/RPGEffects/ParticlesNiagara/Mage/Whirlwind","NS_Mage_Whirlwind","이름: NS_Mage_Whirlwind","","회오리바람"
"마법","Slash","마법","NiagaraSystem","Free_Magic","/Game/Free_Magic/VFX_Niagara","NS_Free_Magic_Slash","이름: NS_Free_Magic_Slash","","비술 베기"
"마법","Slash","마법","NiagaraSystem","Free_Magic","/Game/Free_Magic/VFX_Niagara","NS_Free_Magic_Slash2","이름: NS_Free_Magic_Slash2","","마력 베기"
"마법","Slash Trail","미지정","ParticleSystem","Mixed_Magic_VFX_Pack","/Game/Mixed_Magic_VFX_Pack/VFX","P_Big_Sword_Trail","이름: P_Big_Sword_Trail","","거인의 검흔"
"원거리","다중 발사","미지정","ParticleSystem","RPGEffects","/Game/RPGEffects/Particles","P_Archer_Multishot","이름: P_Archer_Multishot","","일제 사격"
"원거리","다중 발사","미지정","ParticleSystem","RPGEffects","/Game/RPGEffects/Particles","P_Archer_Multishot_Burst","이름: P_Archer_Multishot_Burst","","일제 사격의 섬광"
"원거리","다중 발사","미지정","NiagaraSystem","RPGEffects","/Game/RPGEffects/ParticlesNiagara/Archer/Multishot","NS_Archer_Multishot","이름: NS_Archer_Multishot","","일제 사격"
"원거리","다중 발사","미지정","NiagaraSystem","RPGEffects","/Game/RPGEffects/ParticlesNiagara/Archer/Multishot_Radial","NS_Archer_Multishot_Radial","이름: NS_Archer_Multishot_Radial","","원형 일제 사격"
"원거리","다중 발사","미지정","NiagaraSystem","RPGEffects","/Game/RPGEffects/ParticlesNiagara/Archer/MultishotBurst","NS_Archer_Multishot_Burst","이름: NS_Archer_Multishot_Burst","","일제 사격의 섬광"
"원거리","다중 발사","화염","ParticleSystem","RPGEffects","/Game/RPGEffects/Particles","P_Archer_Multishot_Fire","이름: P_Archer_Multishot_Fire","","화염 일제 사격"
"원거리","다중 발사","화염","ParticleSystem","RPGEffects","/Game/RPGEffects/Particles","P_Archer_Multishot_Fire_Burst","이름: P_Archer_Multishot_Fire_Burst","","화염 일제 사격의 섬광"
"원거리","다중 발사","화염","NiagaraSystem","RPGEffects","/Game/RPGEffects/ParticlesNiagara/Archer/MultiShotFire","NS_Archer_Multishot_Fire","이름: NS_Archer_Multishot_Fire","","화염 일제 사격"
"원거리","다중 발사","화염","NiagaraSystem","RPGEffects","/Game/RPGEffects/ParticlesNiagara/Archer/MultiShotFireBurst","NS_Archer_Multishot_Fire_Burst","이름: NS_Archer_Multishot_Fire_Burst","","화염 일제 사격의 섬광"
"원거리","범위 낙하","미지정","ParticleSystem","RPGEffects","/Game/RPGEffects/Particles","P_Archer_Arrow_Hail","이름: P_Archer_Arrow_Hail","","화살비"
"원거리","범위 낙하","미지정","ParticleSystem","RPGEffects","/Game/RPGEffects/Particles","P_Archer_Arrow_Hail_Burst","이름: P_Archer_Arrow_Hail_Burst","","쏟아지는 화살비"
"원거리","범위 낙하","미지정","NiagaraSystem","RPGEffects","/Game/RPGEffects/ParticlesNiagara/Archer/ArrowHail","NS_Archer_Arrow_Hail","이름: NS_Archer_Arrow_Hail","","화살비"
"원거리","범위 낙하","미지정","NiagaraSystem","RPGEffects","/Game/RPGEffects/ParticlesNiagara/Archer/ArrowHailBurst","NS_Archer_Arrow_Hail_Burst","이름: NS_Archer_Arrow_Hail_Burst","","쏟아지는 화살비"
"원거리","장판/함정","미지정","ParticleSystem","RPGEffects","/Game/RPGEffects/Particles","P_Archer_Caltrops","이름: P_Archer_Caltrops","","쇠가시 지대"
"원거리","장판/함정","미지정","NiagaraSystem","RPGEffects","/Game/RPGEffects/ParticlesNiagara/Archer/Caltrops","NS_Archer_Caltrops","이름: NS_Archer_Caltrops","","쇠가시 지대"
"원거리","투사체","미지정","ParticleSystem","RPGEffects","/Game/RPGEffects/Particles","P_Archer_Arrow","이름: P_Archer_Arrow","","날아가는 화살"
"원거리","투사체","미지정","ParticleSystem","RPGEffects","/Game/RPGEffects/Particles","P_Warrior_ThrowingAxe","이름: P_Warrior_ThrowingAxe","","투척 도끼"
"원거리","투사체","미지정","NiagaraSystem","RPGEffects","/Game/RPGEffects/ParticlesNiagara/Archer/Arrow","NS_Archer_Arrow","이름: NS_Archer_Arrow","","날아가는 화살"
"원거리","투사체","미지정","NiagaraSystem","RPGEffects","/Game/RPGEffects/ParticlesNiagara/Warrior/ThrowingAxe","NS_Warrior_ThrowingAxe","이름: NS_Warrior_ThrowingAxe","","투척 도끼"
"원거리","투사체","화염","ParticleSystem","RPGEffects","/Game/RPGEffects/Particles","P_Archer_Arrow_Fire","이름: P_Archer_Arrow_Fire","","불꽃 화살"
"원거리","투사체","화염","NiagaraSystem","RPGEffects","/Game/RPGEffects/ParticlesNiagara/Archer/ArrowFire","NS_Archer_Arrow_Fire","이름: NS_Archer_Arrow_Fire","","불꽃 화살"
"원거리","투사체 Trail","기본","NiagaraSystem","ArrowTrail","/Game/ArrowTrail/FX","NS_ArrowTrail_Basic","이름: NS_ArrowTrail_Basic","","화살의 궤적"
"원거리","투사체 Trail","기본","NiagaraSystem","ArrowTrail","/Game/ArrowTrail/FX","NS_ArrowTrail_Basic_02","이름: NS_ArrowTrail_Basic_02","","화살의 잔상"
"원거리","투사체 Trail","마법","NiagaraSystem","ArrowTrail","/Game/ArrowTrail/FX","NS_ArrowTrail_Magic","이름: NS_ArrowTrail_Magic","","마력 화살의 궤적"
"원거리","투사체 Trail","마법","NiagaraSystem","ArrowTrail","/Game/ArrowTrail/FX","NS_ArrowTrail_Magic_2","이름: NS_ArrowTrail_Magic_2","","마력 화살의 잔상"
"원거리","투사체 Trail","물","NiagaraSystem","ArrowTrail","/Game/ArrowTrail/FX","NS_ArrowTrail_Water","이름: NS_ArrowTrail_Water","","물결 화살의 궤적"
"원거리","투사체 Trail","신성","NiagaraSystem","ArrowTrail","/Game/ArrowTrail/FX","NS_ArrowTrail_Holy","이름: NS_ArrowTrail_Holy","","성광 화살의 궤적"
"원거리","투사체 Trail","얼음","NiagaraSystem","ArrowTrail","/Game/ArrowTrail/FX","NS_ArrowTrail_Ice","이름: NS_ArrowTrail_Ice","","서리 화살의 궤적"
"원거리","투사체 Trail","자연","NiagaraSystem","ArrowTrail","/Game/ArrowTrail/FX","NS_ArrowTrail_Nature","이름: NS_ArrowTrail_Nature","","숲 화살의 궤적"
"원거리","투사체 Trail","화염","NiagaraSystem","ArrowTrail","/Game/ArrowTrail/FX","NS_ArrowTrail_Fire","이름: NS_ArrowTrail_Fire","","불꽃 화살의 궤적"
"원거리","투사체 Trail","화염","NiagaraSystem","ArrowTrail","/Game/ArrowTrail/FX","NS_ArrowTrail_Fire_02","이름: NS_ArrowTrail_Fire_02","","불꽃 화살의 잔상"
"상태/지원","레벨업 표시","미지정","ParticleSystem","RPGEffects","/Game/RPGEffects/Particles","P_Status_LevelUp","이름: P_Status_LevelUp","","성장의 빛"
"상태/지원","레벨업 표시","미지정","NiagaraSystem","RPGEffects","/Game/RPGEffects/ParticlesNiagara/StatusEffects/LevelUp","NS_Status_LevelUp","이름: NS_Status_LevelUp","","성장의 빛"
"상태/지원","범위 상태이상","미지정","ParticleSystem","RPGEffects","/Game/RPGEffects/Particles","P_Priest_AoE_Stun","이름: P_Priest_AoE_Stun","","기절의 파동"
"상태/지원","범위 상태이상","미지정","NiagaraSystem","RPGEffects","/Game/RPGEffects/ParticlesNiagara/Priest/AoEStun","NS_Priest_AoE_Stun","이름: NS_Priest_AoE_Stun","","기절의 파동"
"상태/지원","상태 오라","마법","ParticleSystem","RPGEffects","/Game/RPGEffects/Particles","P_Status_Magic_Glow","이름: P_Status_Magic_Glow","","마력의 빛무리"
"상태/지원","상태 오라","마법","NiagaraSystem","RPGEffects","/Game/RPGEffects/ParticlesNiagara/StatusEffects/MagicGlow","NS_Status_Magic_Glow","이름: NS_Status_Magic_Glow","","마력의 빛무리"
"상태/지원","상태이상 표시","미지정","ParticleSystem","RPGEffects","/Game/RPGEffects/Particles","P_Priest_Stun","이름: P_Priest_Stun","","멈춤의 낙인"
"상태/지원","상태이상 표시","미지정","ParticleSystem","RPGEffects","/Game/RPGEffects/Particles","P_Status_Confusion","이름: P_Status_Confusion","","혼란의 징표"
"상태/지원","상태이상 표시","미지정","ParticleSystem","RPGEffects","/Game/RPGEffects/Particles","P_Status_Stun","이름: P_Status_Stun","","기절의 징표"
"상태/지원","상태이상 표시","미지정","ParticleSystem","RPGEffects","/Game/RPGEffects/Particles","P_Warrior_Blind","이름: P_Warrior_Blind","","실명의 징표"
"상태/지원","상태이상 표시","미지정","NiagaraSystem","RPGEffects","/Game/RPGEffects/ParticlesNiagara/Priest/Stun","NS_Priest_Stun","이름: NS_Priest_Stun","","멈춤의 낙인"
"상태/지원","상태이상 표시","미지정","NiagaraSystem","RPGEffects","/Game/RPGEffects/ParticlesNiagara/StatusEffects/Confusion","NS_Status_Confusion","이름: NS_Status_Confusion","","혼란의 징표"
"상태/지원","상태이상 표시","미지정","NiagaraSystem","RPGEffects","/Game/RPGEffects/ParticlesNiagara/StatusEffects/Stun","NS_Status_Stun","이름: NS_Status_Stun","","기절의 징표"
"상태/지원","상태이상 표시","미지정","NiagaraSystem","RPGEffects","/Game/RPGEffects/ParticlesNiagara/Warrior/Blind","NS_Warrior_Blind","이름: NS_Warrior_Blind","","실명의 징표"
"상태/지원","아이템 강조","미지정","ParticleSystem","RPGEffects","/Game/RPGEffects/Particles","P_Status_ItemHighlight","이름: P_Status_ItemHighlight","","보물의 반짝임"
"상태/지원","아이템 강조","미지정","NiagaraSystem","RPGEffects","/Game/RPGEffects/ParticlesNiagara/StatusEffects/ItemHighlight","NS_Status_ItemHighlight","이름: NS_Status_ItemHighlight","","보물의 반짝임"
"상태/지원","오라/버프","마법","NiagaraSystem","Free_Magic","/Game/Free_Magic/VFX_Niagara","NS_Free_Magic_Aura","이름: NS_Free_Magic_Aura","","마력의 기운"
"상태/지원","오라/버프","마법","NiagaraSystem","Free_Magic","/Game/Free_Magic/VFX_Niagara","NS_Free_Magic_Buff","이름: NS_Free_Magic_Buff","","마력의 축원"
"상태/지원","오라/버프","미지정","ParticleSystem","RPGEffects","/Game/RPGEffects/Particles","P_Priest_Aura","이름: P_Priest_Aura","","사제의 기운"
"상태/지원","오라/버프","미지정","NiagaraSystem","RPGEffects","/Game/RPGEffects/ParticlesNiagara/Priest/Aura","NS_Preist_Aura","이름: NS_Preist_Aura","","사제의 기운"
"상태/지원","오라/버프","자연","NiagaraSystem","MegaMagicVFXBundle","/Game/MegaMagicVFXBundle/VFX/MagicAuraVFX/VFX/NatureAura/Systems","N_NatureAura","이름: N_NatureAura","","숲의 숨결"
"상태/지원","치유","미지정","ParticleSystem","RPGEffects","/Game/RPGEffects/Particles","P_Priest_Heal_Burst","이름: P_Priest_Heal_Burst","","치유의 섬광"
"상태/지원","치유","미지정","NiagaraSystem","RPGEffects","/Game/RPGEffects/ParticlesNiagara/Priest/HealBurst","NS_Priest_Heal_Burst","이름: NS_Priest_Heal_Burst","","치유의 섬광"
"상태/지원","치유 오라","미지정","Blueprint","FXVarietyPack","/Game/FXVarietyPack/Blueprints","BP_ky_healAura","이름: BP_ky_healAura","효과 BP; 시스템 본체와 별도 항목","회복의 기운"
"상태/지원","치유 오라","미지정","ParticleSystem","FXVarietyPack","/Game/FXVarietyPack/Particles","P_ky_healAura","이름: P_ky_healAura","","회복의 기운"
"상태/지원","치유 오라","미지정","ParticleSystem","RPGEffects","/Game/RPGEffects/Particles","P_Priest_Heal_Over_Time_2D","이름: P_Priest_Heal_Over_Time_2D","","치유의 원"
"상태/지원","치유 오라","미지정","ParticleSystem","RPGEffects","/Game/RPGEffects/Particles","P_Priest_Heal_Over_Time_3D","이름: P_Priest_Heal_Over_Time_3D","","치유의 숨결"
"상태/지원","치유 오라","미지정","NiagaraSystem","RPGEffects","/Game/RPGEffects/ParticlesNiagara/Priest/HealOverTime","NS_Preist_Heal_Over_Time","이름: NS_Preist_Heal_Over_Time","","치유의 원"
"상태/지원","치유 오라","미지정","NiagaraSystem","RPGEffects","/Game/RPGEffects/ParticlesNiagara/Priest/HealOverTime","NS_Preist_Heal_Over_Time_3D","이름: NS_Preist_Heal_Over_Time_3D","","치유의 숨결"
"상태/지원","퀘스트 표시","미지정","ParticleSystem","RPGEffects","/Game/RPGEffects/Particles","P_Status_Quest","이름: P_Status_Quest","","여정의 표식"
"상태/지원","퀘스트 표시","미지정","NiagaraSystem","RPGEffects","/Game/RPGEffects/ParticlesNiagara/StatusEffects/Quest","NS_Status_Quest","이름: NS_Status_Quest","","여정의 표식"
"상태/지원","포션 효과","미지정","NiagaraSystem","Mixed_Magic_VFX_Pack","/Game/Mixed_Magic_VFX_Pack/VFX","NS_Potion","이름: NS_Potion","확인 필요: 사용·회복 표현","물약의 기운"
"상태/지원","포효","미지정","ParticleSystem","RPGEffects","/Game/RPGEffects/Particles","P_Warrior_Shout","이름: P_Warrior_Shout","","전사의 포효"
"상태/지원","포효","미지정","NiagaraSystem","RPGEffects","/Game/RPGEffects/ParticlesNiagara/Warrior/Shout","NS_Warrior_Shout","이름: NS_Warrior_Shout","","전사의 포효"
"조준/이동","순간이동","미지정","ParticleSystem","RPGEffects","/Game/RPGEffects/Particles","P_Status_Teleport_Burst","이름: P_Status_Teleport_Burst","","도약의 섬광"
"조준/이동","순간이동","미지정","NiagaraSystem","RPGEffects","/Game/RPGEffects/ParticlesNiagara/StatusEffects/TeleportBurst","NS_Status_Teleport_Burst","이름: NS_Status_Teleport_Burst","","도약의 섬광"
"조준/이동","점프패드","미지정","NiagaraSystem","LevelPrototyping","/Game/LevelPrototyping/Interactable/JumpPad/Assets","NS_JumpPad","이름: NS_JumpPad","","도약의 발판"
"조준/이동","커서 표시","미지정","NiagaraSystem","Cursor","/Game/Cursor","FX_Cursor","이름: FX_Cursor","","지정 표식"
"조준/이동","커서 표시","미지정","NiagaraSystem","TopDown","/Game/TopDown/Cursor","FX_Cursor_Failure","이름: FX_Cursor_Failure","","지정 불가 표식"
"조준/이동","커서 표시","미지정","NiagaraSystem","TopDown","/Game/TopDown/Cursor","FX_Cursor_Success","이름: FX_Cursor_Success","","지정 가능 표식"
"조준/이동","타게팅 표시","미지정","ParticleSystem","RPGEffects","/Game/RPGEffects/Particles","P_Targeting_Arc","이름: P_Targeting_Arc","","부채꼴 조준선"
"조준/이동","타게팅 표시","미지정","ParticleSystem","RPGEffects","/Game/RPGEffects/Particles","P_Targeting_Arrow","이름: P_Targeting_Arrow","","공격 방향 표식"
"조준/이동","타게팅 표시","미지정","ParticleSystem","RPGEffects","/Game/RPGEffects/Particles","P_Targeting_Circle","이름: P_Targeting_Circle","","원형 조준선"
"조준/이동","타게팅 표시","미지정","ParticleSystem","RPGEffects","/Game/RPGEffects/Particles","P_Targeting_Player_Movement","이름: P_Targeting_Player_Movement","","이동 표식"
"조준/이동","타게팅 표시","미지정","ParticleSystem","RPGEffects","/Game/RPGEffects/Particles","P_Targeting_Player_Select","이름: P_Targeting_Player_Select","","선택 표식"
"조준/이동","타게팅 표시","미지정","NiagaraSystem","RPGEffects","/Game/RPGEffects/ParticlesNiagara/TargetingDecals","NS_Targeting_Arc","이름: NS_Targeting_Arc","","부채꼴 조준선"
"조준/이동","타게팅 표시","미지정","NiagaraSystem","RPGEffects","/Game/RPGEffects/ParticlesNiagara/TargetingDecals","NS_Targeting_Arrow","이름: NS_Targeting_Arrow","","공격 방향 표식"
"조준/이동","타게팅 표시","미지정","NiagaraSystem","RPGEffects","/Game/RPGEffects/ParticlesNiagara/TargetingDecals","NS_Targeting_Circle","이름: NS_Targeting_Circle","","원형 조준선"
"조준/이동","타게팅 표시","미지정","NiagaraSystem","RPGEffects","/Game/RPGEffects/ParticlesNiagara/TargetingDecals","NS_Targeting_Player_Movement","이름: NS_Targeting_Player_Movement","","이동 표식"
"조준/이동","타게팅 표시","미지정","NiagaraSystem","RPGEffects","/Game/RPGEffects/ParticlesNiagara/TargetingDecals","NS_Targeting_Player_Select","이름: NS_Targeting_Player_Select","","선택 표식"
"조준/이동","포털","미지정","ParticleSystem","RPGEffects","/Game/RPGEffects/Particles","P_Status_Teleport_Portal","이름: P_Status_Teleport_Portal","","차원의 문"
"조준/이동","포털","미지정","NiagaraSystem","RPGEffects","/Game/RPGEffects/ParticlesNiagara/StatusEffects/TeleportPortal","NS_Status_Teleport_Portal","이름: NS_Status_Teleport_Portal","","차원의 문"
"환경","불꽃","화염","ParticleSystem","Weapon_Pack","/Game/Weapon_Pack/Effects/Particles/Fire","P_TorchFire","이름: P_TorchFire","","횃불의 불꽃"
